,Country,Year,Age,Employment Gap in %,Employed Persons in Thousands,IndexValueEmployment
0,Austria,2009,Y15-24,0.06,525,0.94
1,Austria,2010,Y15-24,0.08,519,0.92
2,Austria,2011,Y15-24,0.08,528,0.92
3,Austria,2012,Y15-24,0.07,527,0.9299999999999999
4,Austria,2013,Y15-24,0.06,521,0.94
5,Austria,2014,Y15-24,0.04,508,0.96
6,Austria,2015,Y15-24,0.05,500,0.95
7,Austria,2016,Y15-24,0.04,501,0.96
8,Austria,2017,Y15-24,0.03,484,0.97
9,Austria,2018,Y15-24,0.05,481,0.95
10,Austria,2019,Y15-24,0.07,473,0.9299999999999999
11,Austria,2020,Y15-24,0.05,450,0.95
12,Austria,2021,Y15-24,0.09,449,0.91
13,Belgium,2009,Y15-24,0.04,331,0.96
14,Belgium,2010,Y15-24,0.04,332,0.96
15,Belgium,2011,Y15-24,0.04,344,0.96
16,Belgium,2012,Y15-24,0.05,335,0.95
17,Belgium,2013,Y15-24,0.03,313,0.97
18,Belgium,2014,Y15-24,0.02,306,0.98
19,Belgium,2015,Y15-24,0.03,308,0.97
20,Belgium,2016,Y15-24,0.03,297,0.97
21,Belgium,2017,Y15-24,0.03,293,0.97
22,Belgium,2018,Y15-24,0.02,322,0.98
23,Belgium,2019,Y15-24,0.01,343,0.99
24,Belgium,2020,Y15-24,0.03,310,0.97
25,Belgium,2021,Y15-24,0.02,324,0.98
26,Bulgaria,2009,Y15-24,0.1,223,0.9
27,Bulgaria,2010,Y15-24,0.09,204,0.91
28,Bulgaria,2011,Y15-24,0.09,177,0.91
29,Bulgaria,2012,Y15-24,0.09,166,0.91
30,Bulgaria,2013,Y15-24,0.08,153,0.92
31,Bulgaria,2014,Y15-24,0.09,142,0.91
32,Bulgaria,2015,Y15-24,0.1,134,0.9
33,Bulgaria,2016,Y15-24,0.09,124,0.91
34,Bulgaria,2017,Y15-24,0.1,139,0.9
35,Bulgaria,2018,Y15-24,0.1,122,0.9
36,Bulgaria,2019,Y15-24,0.09,125,0.91
37,Bulgaria,2020,Y15-24,0.08,107,0.92
38,Bulgaria,2021,Y15-24,0.07,104,0.9299999999999999
39,Cyprus,2009,Y15-24,0.03,35,0.97
40,Cyprus,2010,Y15-24,0.01,35,0.99
41,Cyprus,2011,Y15-24,0.03,31,0.97
42,Cyprus,2012,Y15-24,0.04,30,0.96
43,Cyprus,2013,Y15-24,0.01,25,0.99
44,Cyprus,2014,Y15-24,0.0,27,1.0
45,Cyprus,2015,Y15-24,-0.03,25,1.03
46,Cyprus,2016,Y15-24,0.0,25,1.0
47,Cyprus,2017,Y15-24,-0.07,27,1.07
48,Cyprus,2018,Y15-24,-0.08,30,1.08
49,Cyprus,2019,Y15-24,-0.04,30,1.04
50,Cyprus,2020,Y15-24,-0.02,29,1.02
51,Cyprus,2021,Y15-24,0.03,32,0.97
52,Czech Republic,2009,Y15-24,0.09,353,0.91
53,Czech Republic,2010,Y15-24,0.09,327,0.91
54,Czech Republic,2011,Y15-24,0.09,303,0.91
55,Czech Republic,2012,Y15-24,0.08,301,0.92
56,Czech Republic,2013,Y15-24,0.09,294,0.91
57,Czech Republic,2014,Y15-24,0.1,300,0.9
58,Czech Republic,2015,Y15-24,0.1,303,0.9
59,Czech Republic,2016,Y15-24,0.11,295,0.89
60,Czech Republic,2017,Y15-24,0.1,291,0.9
61,Czech Republic,2018,Y15-24,0.08,277,0.92
62,Czech Republic,2019,Y15-24,0.08,270,0.92
63,Czech Republic,2020,Y15-24,0.1,242,0.9
64,Czech Republic,2021,Y15-24,0.09,242,0.91
65,Germany,2009,Y15-24,0.03,4187,0.97
66,Germany,2010,Y15-24,0.03,3996,0.97
67,Germany,2011,Y15-24,0.03,4118,0.97
68,Germany,2012,Y15-24,0.04,3976,0.96
69,Germany,2013,Y15-24,0.03,3948,0.97
70,Germany,2014,Y15-24,0.03,3848,0.97
71,Germany,2015,Y15-24,0.03,3748,0.97
72,Germany,2016,Y15-24,0.02,3839,0.98
73,Germany,2017,Y15-24,0.02,3897,0.98
74,Germany,2018,Y15-24,0.03,3926,0.97
75,Germany,2019,Y15-24,0.04,4023,0.96
76,Germany,2020,Y15-24,0.04,3979,0.96
77,Germany,2021,Y15-24,0.05,4030,0.95
78,Denmark,2009,Y15-24,-0.01,386,1.01
79,Denmark,2010,Y15-24,-0.04,364,1.04
80,Denmark,2011,Y15-24,-0.02,365,1.02
81,Denmark,2012,Y15-24,-0.01,359,1.01
82,Denmark,2013,Y15-24,-0.03,352,1.03
83,Denmark,2014,Y15-24,-0.02,358,1.02
84,Denmark,2015,Y15-24,-0.02,371,1.02
85,Denmark,2016,Y15-24,-0.05,381,1.05
86,Denmark,2017,Y15-24,-0.02,386,1.02
87,Denmark,2018,Y15-24,-0.03,390,1.03
88,Denmark,2019,Y15-24,-0.02,396,1.02
89,Denmark,2020,Y15-24,-0.02,379,1.02
90,Denmark,2021,Y15-24,0.01,379,0.99
91,Estonia,2009,Y15-24,0.03,53,0.97
92,Estonia,2010,Y15-24,0.01,46,0.99
93,Estonia,2011,Y15-24,0.04,53,0.96
94,Estonia,2012,Y15-24,0.03,53,0.97
95,Estonia,2013,Y15-24,0.03,50,0.97
96,Estonia,2014,Y15-24,-0.01,48,1.01
97,Estonia,2015,Y15-24,0.04,47,0.96
98,Estonia,2016,Y15-24,-0.01,48,1.01
99,Estonia,2017,Y15-24,0.0,49,1.0
100,Estonia,2018,Y15-24,0.01,50,0.99
101,Estonia,2019,Y15-24,0.01,47,0.99
102,Estonia,2020,Y15-24,0.01,42,0.99
103,Estonia,2021,Y15-24,-0.01,41,1.01
104,Greece,2009,Y15-24,0.1,282,0.9
105,Greece,2010,Y15-24,0.09,240,0.91
106,Greece,2011,Y15-24,0.07,187,0.9299999999999999
107,Greece,2012,Y15-24,0.06,147,0.94
108,Greece,2013,Y15-24,0.06,132,0.94
109,Greece,2014,Y15-24,0.05,148,0.95
110,Greece,2015,Y15-24,0.05,144,0.95
111,Greece,2016,Y15-24,0.04,140,0.96
112,Greece,2017,Y15-24,0.03,152,0.97
113,Greece,2018,Y15-24,0.05,149,0.95
114,Greece,2019,Y15-24,0.04,154,0.96
115,Greece,2020,Y15-24,0.04,135,0.96
116,Greece,2021,Y15-24,0.05,140,0.95
117,Spain,2009,Y15-24,0.02,1397,0.98
118,Spain,2010,Y15-24,0.02,1210,0.98
119,Spain,2011,Y15-24,0.0,1042,1.0
120,Spain,2012,Y15-24,0.0,853,1.0
121,Spain,2013,Y15-24,0.01,763,0.99
122,Spain,2014,Y15-24,0.01,749,0.99
123,Spain,2015,Y15-24,0.02,803,0.98
124,Spain,2016,Y15-24,0.02,820,0.98
125,Spain,2017,Y15-24,0.01,921,0.99
126,Spain,2018,Y15-24,0.03,989,0.97
127,Spain,2019,Y15-24,0.04,1039,0.96
128,Spain,2020,Y15-24,0.03,884,0.97
129,Spain,2021,Y15-24,0.03,995,0.97
143,Finland,2009,Y15-24,-0.02,250,1.02
144,Finland,2010,Y15-24,0.0,245,1.0
145,Finland,2011,Y15-24,0.0,254,1.0
146,Finland,2012,Y15-24,0.0,264,1.0
147,Finland,2013,Y15-24,-0.03,261,1.03
148,Finland,2014,Y15-24,-0.03,261,1.03
149,Finland,2015,Y15-24,-0.04,249,1.04
150,Finland,2016,Y15-24,-0.03,256,1.03
151,Finland,2017,Y15-24,-0.01,260,1.01
152,Finland,2018,Y15-24,-0.03,262,1.03
153,Finland,2019,Y15-24,0.0,263,1.0
154,Finland,2020,Y15-24,0.0,241,1.0
155,Finland,2021,Y15-24,0.0,259,1.0
156,France,2009,Y15-24,0.05,2300,0.95
157,France,2010,Y15-24,0.08,2262,0.92
158,France,2011,Y15-24,0.07,2206,0.9299999999999999
159,France,2012,Y15-24,0.07,2114,0.9299999999999999
160,France,2013,Y15-24,0.07,2094,0.9299999999999999
161,France,2014,Y15-24,0.06,2071,0.94
162,France,2015,Y15-24,0.05,2098,0.95
163,France,2016,Y15-24,0.05,2100,0.95
164,France,2017,Y15-24,0.06,2166,0.94
165,France,2018,Y15-24,0.06,2259,0.94
166,France,2019,Y15-24,0.05,2265,0.95
167,France,2020,Y15-24,0.06,2192,0.94
168,France,2021,Y15-24,0.03,2465,0.97
169,Croatia,2009,Y15-24,0.1,140,0.9
170,Croatia,2010,Y15-24,0.08,123,0.92
171,Croatia,2011,Y15-24,0.07,104,0.9299999999999999
172,Croatia,2012,Y15-24,0.05,87,0.95
173,Croatia,2013,Y15-24,0.05,74,0.95
174,Croatia,2014,Y15-24,0.06,90,0.94
175,Croatia,2015,Y15-24,0.06,92,0.94
176,Croatia,2016,Y15-24,0.07,121,0.9299999999999999
177,Croatia,2017,Y15-24,0.08,121,0.92
178,Croatia,2018,Y15-24,0.1,117,0.9
179,Croatia,2019,Y15-24,0.11,124,0.89
180,Croatia,2020,Y15-24,0.13,113,0.87
181,Croatia,2021,Y15-24,0.11,111,0.89
182,Hungary,2009,Y15-24,0.03,226,0.97
183,Hungary,2010,Y15-24,0.02,224,0.98
184,Hungary,2011,Y15-24,0.03,218,0.97
185,Hungary,2012,Y15-24,0.02,220,0.98
186,Hungary,2013,Y15-24,0.05,236,0.95
187,Hungary,2014,Y15-24,0.05,269,0.95
188,Hungary,2015,Y15-24,0.04,287,0.96
189,Hungary,2016,Y15-24,0.06,307,0.94
190,Hungary,2017,Y15-24,0.07,310,0.9299999999999999
191,Hungary,2018,Y15-24,0.07,307,0.9299999999999999
192,Hungary,2019,Y15-24,0.08,293,0.92
193,Hungary,2020,Y15-24,0.06,278,0.94
194,Hungary,2021,Y15-24,0.07,270,0.9299999999999999
195,Ireland,2009,Y15-24,-0.05,291,1.05
196,Ireland,2010,Y15-24,-0.04,236,1.04
197,Ireland,2011,Y15-24,-0.04,209,1.04
198,Ireland,2012,Y15-24,-0.05,197,1.05
199,Ireland,2013,Y15-24,-0.01,206,1.01
200,Ireland,2014,Y15-24,0.0,209,1.0
201,Ireland,2015,Y15-24,0.01,216,0.99
202,Ireland,2016,Y15-24,0.0,242,1.0
203,Ireland,2017,Y15-24,0.0,235,1.0
204,Ireland,2018,Y15-24,0.02,244,0.98
205,Ireland,2019,Y15-24,0.0,255,1.0
206,Ireland,2020,Y15-24,0.01,226,0.99
207,Ireland,2021,Y15-24,0.0,273,1.0
208,Italy,2009,Y15-24,0.09,1283,0.91
209,Italy,2010,Y15-24,0.08,1208,0.92
210,Italy,2011,Y15-24,0.07,1148,0.9299999999999999
211,Italy,2012,Y15-24,0.07,1104,0.9299999999999999
212,Italy,2013,Y15-24,0.05,972,0.95
213,Italy,2014,Y15-24,0.05,921,0.95
214,Italy,2015,Y15-24,0.07,917,0.9299999999999999
215,Italy,2016,Y15-24,0.05,966,0.95
216,Italy,2017,Y15-24,0.06,992,0.94
217,Italy,2018,Y15-24,0.07,1019,0.9299999999999999
218,Italy,2019,Y15-24,0.06,1061,0.94
219,Italy,2020,Y15-24,0.07,959,0.9299999999999999
220,Italy,2021,Y15-24,0.07,1012,0.9299999999999999
221,Lithuania,2009,Y15-24,0.01,98,0.99
222,Lithuania,2010,Y15-24,0.02,84,0.98
223,Lithuania,2011,Y15-24,0.04,81,0.96
224,Lithuania,2012,Y15-24,0.03,88,0.97
225,Lithuania,2013,Y15-24,0.06,98,0.94
226,Lithuania,2014,Y15-24,0.07,107,0.9299999999999999
227,Lithuania,2015,Y15-24,0.05,105,0.95
228,Lithuania,2016,Y15-24,0.04,105,0.96
229,Lithuania,2017,Y15-24,0.04,98,0.96
230,Lithuania,2018,Y15-24,0.03,98,0.97
231,Lithuania,2019,Y15-24,0.01,95,0.99
232,Lithuania,2020,Y15-24,0.02,83,0.98
233,Lithuania,2021,Y15-24,0.04,86,0.96
234,Luxembourg,2009,Y15-24,0.05,15,0.95
235,Luxembourg,2010,Y15-24,0.02,12,0.98
236,Luxembourg,2011,Y15-24,0.05,12,0.95
237,Luxembourg,2012,Y15-24,0.03,13,0.97
238,Luxembourg,2013,Y15-24,0.05,13,0.95
239,Luxembourg,2014,Y15-24,0.03,12,0.97
240,Luxembourg,2015,Y15-24,0.0,19,1.0
241,Luxembourg,2016,Y15-24,-0.01,17,1.01
242,Luxembourg,2017,Y15-24,0.03,18,0.97
243,Luxembourg,2018,Y15-24,0.0,20,1.0
244,Luxembourg,2019,Y15-24,0.05,20,0.95
245,Luxembourg,2020,Y15-24,0.01,18,0.99
246,Luxembourg,2021,Y15-24,0.01,21,0.99
247,Latvia,2009,Y15-24,0.05,87,0.95
248,Latvia,2010,Y15-24,0.02,75,0.98
249,Latvia,2011,Y15-24,0.05,71,0.95
250,Latvia,2012,Y15-24,0.07,72,0.9299999999999999
251,Latvia,2013,Y15-24,0.06,71,0.94
252,Latvia,2014,Y15-24,0.08,69,0.92
253,Latvia,2015,Y15-24,0.05,69,0.95
254,Latvia,2016,Y15-24,0.02,62,0.98
255,Latvia,2017,Y15-24,0.04,59,0.96
256,Latvia,2018,Y15-24,0.05,57,0.95
257,Latvia,2019,Y15-24,0.04,54,0.96
258,Latvia,2020,Y15-24,0.06,50,0.94
259,Latvia,2021,Y15-24,0.04,48,0.96
260,Malta,2009,Y15-24,0.04,25,0.96
261,Malta,2010,Y15-24,0.04,25,0.96
262,Malta,2011,Y15-24,0.06,25,0.94
263,Malta,2012,Y15-24,0.05,24,0.95
264,Malta,2013,Y15-24,0.03,26,0.97
265,Malta,2014,Y15-24,-0.01,26,1.01
266,Malta,2015,Y15-24,0.02,25,0.98
267,Malta,2016,Y15-24,0.06,25,0.94
268,Malta,2017,Y15-24,0.02,25,0.98
269,Malta,2018,Y15-24,-0.02,27,1.02
270,Malta,2019,Y15-24,0.0,27,1.0
271,Malta,2020,Y15-24,0.0,25,1.0
272,Malta,2021,Y15-24,-0.02,25,1.02
273,Netherlands,2009,Y15-24,-0.05,1416,1.05
274,Netherlands,2010,Y15-24,-0.06,1378,1.06
275,Netherlands,2011,Y15-24,-0.07,1392,1.07
276,Netherlands,2012,Y15-24,-0.06,1396,1.06
277,Netherlands,2013,Y15-24,-0.06,1385,1.06
278,Netherlands,2014,Y15-24,-0.04,1362,1.04
279,Netherlands,2015,Y15-24,-0.06,1405,1.06
280,Netherlands,2016,Y15-24,-0.07,1416,1.07
281,Netherlands,2017,Y15-24,-0.06,1460,1.06
282,Netherlands,2018,Y15-24,-0.07,1503,1.07
283,Netherlands,2019,Y15-24,-0.06,1541,1.06
284,Netherlands,2020,Y15-24,-0.06,1488,1.06
285,Netherlands,2021,Y15-24,-0.05,1520,1.05
286,Poland,2009,Y15-24,0.07,1368,0.9299999999999999
287,Poland,2010,Y15-24,0.08,1307,0.92
288,Poland,2011,Y15-24,0.09,1186,0.91
289,Poland,2012,Y15-24,0.08,1132,0.92
290,Poland,2013,Y15-24,0.09,1069,0.91
291,Poland,2014,Y15-24,0.08,1094,0.92
292,Poland,2015,Y15-24,0.09,1077,0.91
293,Poland,2016,Y15-24,0.08,1125,0.92
294,Poland,2017,Y15-24,0.08,1124,0.92
295,Poland,2018,Y15-24,0.07,1131,0.9299999999999999
296,Poland,2019,Y15-24,0.07,1120,0.9299999999999999
297,Poland,2020,Y15-24,0.08,973,0.92
298,Poland,2021,Y15-24,0.09,929,0.91
299,Portugal,2009,Y15-24,0.04,366,0.96
300,Portugal,2010,Y15-24,0.04,327,0.96
301,Portugal,2011,Y15-24,0.04,303,0.96
302,Portugal,2012,Y15-24,0.03,257,0.97
303,Portugal,2013,Y15-24,0.03,238,0.97
304,Portugal,2014,Y15-24,0.01,246,0.99
305,Portugal,2015,Y15-24,0.02,250,0.98
306,Portugal,2016,Y15-24,0.03,261,0.97
307,Portugal,2017,Y15-24,0.04,282,0.96
308,Portugal,2018,Y15-24,0.04,296,0.96
309,Portugal,2019,Y15-24,0.05,304,0.95
310,Portugal,2020,Y15-24,0.04,256,0.96
311,Portugal,2021,Y15-24,0.05,250,0.95
312,Romania,2009,Y15-24,0.08,557,0.92
313,Romania,2010,Y15-24,0.07,483,0.9299999999999999
314,Romania,2011,Y15-24,0.06,467,0.94
315,Romania,2012,Y15-24,0.07,460,0.9299999999999999
316,Romania,2013,Y15-24,0.08,427,0.92
317,Romania,2014,Y15-24,0.07,403,0.9299999999999999
318,Romania,2015,Y15-24,0.09,427,0.91
319,Romania,2016,Y15-24,0.08,389,0.92
320,Romania,2017,Y15-24,0.06,428,0.94
321,Romania,2018,Y15-24,0.08,430,0.92
322,Romania,2019,Y15-24,0.09,423,0.91
323,Romania,2020,Y15-24,0.09,418,0.91
324,Romania,2021,Y15-24,0.1,427,0.9
325,Sweden,2009,Y15-24,-0.01,474,1.01
326,Sweden,2010,Y15-24,-0.01,487,1.01
327,Sweden,2011,Y15-24,0.0,514,1.0
328,Sweden,2012,Y15-24,-0.02,501,1.02
329,Sweden,2013,Y15-24,-0.03,513,1.03
330,Sweden,2014,Y15-24,-0.03,519,1.03
331,Sweden,2015,Y15-24,-0.03,524,1.03
332,Sweden,2016,Y15-24,-0.03,524,1.03
333,Sweden,2017,Y15-24,-0.02,525,1.02
334,Sweden,2018,Y15-24,-0.03,519,1.03
335,Sweden,2019,Y15-24,-0.02,511,1.02
336,Sweden,2020,Y15-24,0.0,460,1.0
337,Sweden,2021,Y15-24,-0.02,468,1.02
338,Slovenia,2009,Y15-24,0.08,84,0.92
339,Slovenia,2010,Y15-24,0.08,78,0.92
340,Slovenia,2011,Y15-24,0.09,70,0.91
341,Slovenia,2012,Y15-24,0.07,58,0.9299999999999999
342,Slovenia,2013,Y15-24,0.06,55,0.94
343,Slovenia,2014,Y15-24,0.05,53,0.95
344,Slovenia,2015,Y15-24,0.05,58,0.95
345,Slovenia,2016,Y15-24,0.05,55,0.95
346,Slovenia,2017,Y15-24,0.08,65,0.92
347,Slovenia,2018,Y15-24,0.08,65,0.92
348,Slovenia,2019,Y15-24,0.07,62,0.9299999999999999
349,Slovenia,2020,Y15-24,0.05,51,0.95
350,Slovenia,2021,Y15-24,0.05,60,0.95
351,Slovakia,2009,Y15-24,0.08,187,0.92
352,Slovakia,2010,Y15-24,0.06,165,0.94
353,Slovakia,2011,Y15-24,0.1,151,0.9
354,Slovakia,2012,Y15-24,0.08,147,0.92
355,Slovakia,2013,Y15-24,0.07,145,0.9299999999999999
356,Slovakia,2014,Y15-24,0.1,149,0.9
357,Slovakia,2015,Y15-24,0.1,155,0.9
358,Slovakia,2016,Y15-24,0.13,161,0.87
359,Slovakia,2017,Y15-24,0.1,165,0.9
360,Slovakia,2018,Y15-24,0.13,162,0.87
361,Slovakia,2019,Y15-24,0.13,142,0.87
362,Slovakia,2020,Y15-24,0.11,126,0.89
363,Slovakia,2021,Y15-24,0.1,113,0.9
364,Austria,2009,Y15-29,0.07,957,0.9299999999999999
365,Austria,2010,Y15-29,0.08,955,0.92
366,Austria,2011,Y15-29,0.08,967,0.92
367,Austria,2012,Y15-29,0.07,970,0.9299999999999999
368,Austria,2013,Y15-29,0.06,962,0.94
369,Austria,2014,Y15-29,0.04,949,0.96
370,Austria,2015,Y15-29,0.04,954,0.96
371,Austria,2016,Y15-29,0.04,974,0.96
372,Austria,2017,Y15-29,0.03,958,0.97
373,Austria,2018,Y15-29,0.06,958,0.94
374,Austria,2019,Y15-29,0.07,955,0.9299999999999999
375,Austria,2020,Y15-29,0.06,912,0.94
376,Austria,2021,Y15-29,0.08,921,0.92
377,Belgium,2009,Y15-29,0.05,877,0.95
378,Belgium,2010,Y15-29,0.05,868,0.95
379,Belgium,2011,Y15-29,0.05,876,0.95
380,Belgium,2012,Y15-29,0.06,862,0.94
381,Belgium,2013,Y15-29,0.05,839,0.95
382,Belgium,2014,Y15-29,0.03,841,0.97
383,Belgium,2015,Y15-29,0.03,841,0.97
384,Belgium,2016,Y15-29,0.03,843,0.97
385,Belgium,2017,Y15-29,0.04,843,0.96
386,Belgium,2018,Y15-29,0.04,880,0.96
387,Belgium,2019,Y15-29,0.03,916,0.97
388,Belgium,2020,Y15-29,0.03,863,0.97
389,Belgium,2021,Y15-29,0.01,883,0.99
390,Bulgaria,2009,Y15-29,0.1,529,0.9
391,Bulgaria,2010,Y15-29,0.08,541,0.92
392,Bulgaria,2011,Y15-29,0.07,495,0.9299999999999999
393,Bulgaria,2012,Y15-29,0.08,482,0.92
394,Bulgaria,2013,Y15-29,0.08,457,0.92
395,Bulgaria,2014,Y15-29,0.09,459,0.91
396,Bulgaria,2015,Y15-29,0.09,460,0.91
397,Bulgaria,2016,Y15-29,0.1,435,0.9
398,Bulgaria,2017,Y15-29,0.11,458,0.89
399,Bulgaria,2018,Y15-29,0.1,428,0.9
400,Bulgaria,2019,Y15-29,0.11,427,0.89
401,Bulgaria,2020,Y15-29,0.1,376,0.9
402,Bulgaria,2021,Y15-29,0.09,348,0.91
403,Cyprus,2009,Y15-29,0.04,89,0.96
404,Cyprus,2010,Y15-29,0.02,91,0.98
405,Cyprus,2011,Y15-29,0.03,89,0.97
406,Cyprus,2012,Y15-29,0.05,85,0.95
407,Cyprus,2013,Y15-29,0.02,77,0.98
408,Cyprus,2014,Y15-29,0.0,80,1.0
409,Cyprus,2015,Y15-29,-0.01,75,1.01
410,Cyprus,2016,Y15-29,0.01,75,0.99
411,Cyprus,2017,Y15-29,-0.02,80,1.02
412,Cyprus,2018,Y15-29,-0.01,85,1.01
413,Cyprus,2019,Y15-29,0.03,89,0.97
414,Cyprus,2020,Y15-29,0.01,86,0.99
415,Cyprus,2021,Y15-29,0.04,88,0.96
416,Czech Republic,2009,Y15-29,0.15,921,0.85
417,Czech Republic,2010,Y15-29,0.15,873,0.85
418,Czech Republic,2011,Y15-29,0.15,836,0.85
419,Czech Republic,2012,Y15-29,0.14,819,0.86
420,Czech Republic,2013,Y15-29,0.14,822,0.86
421,Czech Republic,2014,Y15-29,0.15,825,0.85
422,Czech Republic,2015,Y15-29,0.15,825,0.85
423,Czech Republic,2016,Y15-29,0.15,819,0.85
424,Czech Republic,2017,Y15-29,0.14,823,0.86
425,Czech Republic,2018,Y15-29,0.14,808,0.86
426,Czech Republic,2019,Y15-29,0.13,791,0.87
427,Czech Republic,2020,Y15-29,0.17,734,0.83
428,Czech Republic,2021,Y15-29,0.17,708,0.83
429,Germany,2009,Y15-29,0.04,7850,0.96
430,Germany,2010,Y15-29,0.04,7558,0.96
431,Germany,2011,Y15-29,0.04,7746,0.96
432,Germany,2012,Y15-29,0.04,7645,0.96
433,Germany,2013,Y15-29,0.04,7645,0.96
434,Germany,2014,Y15-29,0.04,7666,0.96
435,Germany,2015,Y15-29,0.03,7677,0.97
436,Germany,2016,Y15-29,0.03,7958,0.97
437,Germany,2017,Y15-29,0.03,7983,0.97
438,Germany,2018,Y15-29,0.05,7942,0.95
439,Germany,2019,Y15-29,0.05,7957,0.95
440,Germany,2020,Y15-29,0.04,7735,0.96
441,Germany,2021,Y15-29,0.05,7794,0.95
442,Denmark,2009,Y15-29,-0.01,623,1.01
443,Denmark,2010,Y15-29,-0.01,589,1.01
444,Denmark,2011,Y15-29,0.02,591,0.98
445,Denmark,2012,Y15-29,0.01,583,0.99
446,Denmark,2013,Y15-29,0.01,585,0.99
447,Denmark,2014,Y15-29,0.01,601,0.99
448,Denmark,2015,Y15-29,0.01,627,0.99
449,Denmark,2016,Y15-29,0.0,643,1.0
450,Denmark,2017,Y15-29,0.02,654,0.98
451,Denmark,2018,Y15-29,0.01,674,0.99
452,Denmark,2019,Y15-29,0.02,683,0.98
453,Denmark,2020,Y15-29,0.02,667,0.98
454,Denmark,2021,Y15-29,0.03,676,0.97
455,Estonia,2009,Y15-29,0.07,119,0.9299999999999999
456,Estonia,2010,Y15-29,0.05,113,0.95
457,Estonia,2011,Y15-29,0.06,124,0.94
458,Estonia,2012,Y15-29,0.08,123,0.92
459,Estonia,2013,Y15-29,0.08,122,0.92
460,Estonia,2014,Y15-29,0.06,123,0.94
461,Estonia,2015,Y15-29,0.1,125,0.9
462,Estonia,2016,Y15-29,0.09,123,0.91
463,Estonia,2017,Y15-29,0.08,127,0.92
464,Estonia,2018,Y15-29,0.08,125,0.92
465,Estonia,2019,Y15-29,0.09,118,0.91
466,Estonia,2020,Y15-29,0.08,106,0.92
467,Estonia,2021,Y15-29,0.04,103,0.96
468,Greece,2009,Y15-29,0.13,847,0.87
469,Greece,2010,Y15-29,0.12,755,0.88
470,Greece,2011,Y15-29,0.1,623,0.9
471,Greece,2012,Y15-29,0.08,518,0.92
472,Greece,2013,Y15-29,0.07,450,0.9299999999999999
473,Greece,2014,Y15-29,0.06,467,0.94
474,Greece,2015,Y15-29,0.08,475,0.92
475,Greece,2016,Y15-29,0.09,473,0.91
476,Greece,2017,Y15-29,0.1,474,0.9
477,Greece,2018,Y15-29,0.08,480,0.92
478,Greece,2019,Y15-29,0.06,499,0.94
479,Greece,2020,Y15-29,0.06,451,0.94
480,Greece,2021,Y15-29,0.08,482,0.92
481,Spain,2009,Y15-29,0.03,3754,0.97
482,Spain,2010,Y15-29,0.01,3371,0.99
483,Spain,2011,Y15-29,0.01,3040,0.99
484,Spain,2012,Y15-29,-0.01,2624,1.01
485,Spain,2013,Y15-29,0.01,2391,0.99
486,Spain,2014,Y15-29,0.02,2365,0.98
487,Spain,2015,Y15-29,0.01,2380,0.99
488,Spain,2016,Y15-29,0.03,2413,0.97
489,Spain,2017,Y15-29,0.03,2547,0.97
490,Spain,2018,Y15-29,0.03,2662,0.97
491,Spain,2019,Y15-29,0.04,2740,0.96
492,Spain,2020,Y15-29,0.04,2478,0.96
493,Spain,2021,Y15-29,0.02,2656,0.98
507,Finland,2009,Y15-29,0.01,504,0.99
508,Finland,2010,Y15-29,0.02,501,0.98
509,Finland,2011,Y15-29,0.04,512,0.96
510,Finland,2012,Y15-29,0.02,518,0.98
511,Finland,2013,Y15-29,0.01,513,0.99
512,Finland,2014,Y15-29,0.01,503,0.99
513,Finland,2015,Y15-29,0.01,491,0.99
514,Finland,2016,Y15-29,0.01,502,0.99
515,Finland,2017,Y15-29,0.02,511,0.98
516,Finland,2018,Y15-29,0.02,524,0.98
517,Finland,2019,Y15-29,0.02,530,0.98
518,Finland,2020,Y15-29,0.04,502,0.96
519,Finland,2021,Y15-29,0.01,522,0.99
520,France,2009,Y15-29,0.05,5384,0.95
521,France,2010,Y15-29,0.06,5318,0.94
522,France,2011,Y15-29,0.06,5207,0.94
523,France,2012,Y15-29,0.05,5048,0.95
524,France,2013,Y15-29,0.05,5007,0.95
525,France,2014,Y15-29,0.04,4948,0.96
526,France,2015,Y15-29,0.04,4960,0.96
527,France,2016,Y15-29,0.04,4987,0.96
528,France,2017,Y15-29,0.05,5035,0.95
529,France,2018,Y15-29,0.05,5110,0.95
530,France,2019,Y15-29,0.03,5097,0.97
531,France,2020,Y15-29,0.04,4936,0.96
532,France,2021,Y15-29,0.03,5233,0.97
533,Croatia,2009,Y15-29,0.11,355,0.89
534,Croatia,2010,Y15-29,0.06,323,0.94
535,Croatia,2011,Y15-29,0.08,285,0.92
536,Croatia,2012,Y15-29,0.06,262,0.94
537,Croatia,2013,Y15-29,0.05,245,0.95
538,Croatia,2014,Y15-29,0.07,266,0.9299999999999999
539,Croatia,2015,Y15-29,0.08,265,0.92
540,Croatia,2016,Y15-29,0.07,291,0.9299999999999999
541,Croatia,2017,Y15-29,0.08,292,0.92
542,Croatia,2018,Y15-29,0.11,289,0.89
543,Croatia,2019,Y15-29,0.11,298,0.89
544,Croatia,2020,Y15-29,0.13,277,0.87
545,Croatia,2021,Y15-29,0.11,273,0.89
546,Hungary,2009,Y15-29,0.06,705,0.94
547,Hungary,2010,Y15-29,0.05,668,0.95
548,Hungary,2011,Y15-29,0.06,647,0.94
549,Hungary,2012,Y15-29,0.04,643,0.96
550,Hungary,2013,Y15-29,0.06,667,0.94
551,Hungary,2014,Y15-29,0.08,722,0.92
552,Hungary,2015,Y15-29,0.08,746,0.92
553,Hungary,2016,Y15-29,0.09,780,0.91
554,Hungary,2017,Y15-29,0.1,794,0.9
555,Hungary,2018,Y15-29,0.1,793,0.9
556,Hungary,2019,Y15-29,0.09,786,0.91
557,Hungary,2020,Y15-29,0.09,759,0.91
558,Hungary,2021,Y15-29,0.07,754,0.9299999999999999
559,Ireland,2009,Y15-29,-0.03,575,1.03
560,Ireland,2010,Y15-29,-0.04,495,1.04
561,Ireland,2011,Y15-29,-0.03,446,1.03
562,Ireland,2012,Y15-29,-0.04,425,1.04
563,Ireland,2013,Y15-29,-0.02,425,1.02
564,Ireland,2014,Y15-29,0.0,420,1.0
565,Ireland,2015,Y15-29,0.01,430,0.99
566,Ireland,2016,Y15-29,0.0,462,1.0
567,Ireland,2017,Y15-29,0.02,459,0.98
568,Ireland,2018,Y15-29,0.03,470,0.97
569,Ireland,2019,Y15-29,0.03,485,0.97
570,Ireland,2020,Y15-29,0.03,446,0.97
571,Ireland,2021,Y15-29,0.01,502,0.99
572,Italy,2009,Y15-29,0.11,3365,0.89
573,Italy,2010,Y15-29,0.1,3168,0.9
574,Italy,2011,Y15-29,0.1,3087,0.9
575,Italy,2012,Y15-29,0.09,2965,0.91
576,Italy,2013,Y15-29,0.07,2662,0.9299999999999999
577,Italy,2014,Y15-29,0.08,2578,0.92
578,Italy,2015,Y15-29,0.08,2589,0.92
579,Italy,2016,Y15-29,0.09,2685,0.91
580,Italy,2017,Y15-29,0.08,2725,0.92
581,Italy,2018,Y15-29,0.09,2768,0.91
582,Italy,2019,Y15-29,0.09,2849,0.91
583,Italy,2020,Y15-29,0.09,2632,0.91
584,Italy,2021,Y15-29,0.1,2736,0.9
585,Lithuania,2009,Y15-29,0.0,255,1.0
586,Lithuania,2010,Y15-29,-0.01,221,1.01
587,Lithuania,2011,Y15-29,0.03,207,0.97
588,Lithuania,2012,Y15-29,0.02,225,0.98
589,Lithuania,2013,Y15-29,0.06,238,0.94
590,Lithuania,2014,Y15-29,0.08,252,0.92
591,Lithuania,2015,Y15-29,0.06,250,0.94
592,Lithuania,2016,Y15-29,0.06,247,0.94
593,Lithuania,2017,Y15-29,0.06,241,0.94
594,Lithuania,2018,Y15-29,0.05,237,0.95
595,Lithuania,2019,Y15-29,0.03,225,0.97
596,Lithuania,2020,Y15-29,0.04,209,0.96
597,Lithuania,2021,Y15-29,0.05,207,0.95
598,Luxembourg,2009,Y15-29,0.04,41,0.96
599,Luxembourg,2010,Y15-29,0.05,39,0.95
600,Luxembourg,2011,Y15-29,0.05,40,0.95
601,Luxembourg,2012,Y15-29,0.04,41,0.96
602,Luxembourg,2013,Y15-29,0.04,40,0.96
603,Luxembourg,2014,Y15-29,0.01,42,0.99
604,Luxembourg,2015,Y15-29,0.03,51,0.97
605,Luxembourg,2016,Y15-29,0.01,51,0.99
606,Luxembourg,2017,Y15-29,0.02,52,0.98
607,Luxembourg,2018,Y15-29,0.02,55,0.98
608,Luxembourg,2019,Y15-29,0.03,58,0.97
609,Luxembourg,2020,Y15-29,0.0,55,1.0
610,Luxembourg,2021,Y15-29,0.01,59,0.99
611,Latvia,2009,Y15-29,0.05,189,0.95
612,Latvia,2010,Y15-29,0.03,177,0.97
613,Latvia,2011,Y15-29,0.06,175,0.94
614,Latvia,2012,Y15-29,0.07,180,0.9299999999999999
615,Latvia,2013,Y15-29,0.07,182,0.9299999999999999
616,Latvia,2014,Y15-29,0.1,178,0.9
617,Latvia,2015,Y15-29,0.06,178,0.94
618,Latvia,2016,Y15-29,0.04,169,0.96
619,Latvia,2017,Y15-29,0.06,165,0.94
620,Latvia,2018,Y15-29,0.06,155,0.94
621,Latvia,2019,Y15-29,0.05,150,0.95
622,Latvia,2020,Y15-29,0.05,133,0.95
623,Latvia,2021,Y15-29,0.04,125,0.96
624,Malta,2009,Y15-29,0.09,49,0.91
625,Malta,2010,Y15-29,0.08,48,0.92
626,Malta,2011,Y15-29,0.09,49,0.91
627,Malta,2012,Y15-29,0.08,49,0.92
628,Malta,2013,Y15-29,0.06,51,0.94
629,Malta,2014,Y15-29,0.03,53,0.97
630,Malta,2015,Y15-29,0.06,53,0.94
631,Malta,2016,Y15-29,0.06,56,0.94
632,Malta,2017,Y15-29,0.04,59,0.96
633,Malta,2018,Y15-29,0.02,65,0.98
634,Malta,2019,Y15-29,0.04,67,0.96
635,Malta,2020,Y15-29,0.04,64,0.96
636,Malta,2021,Y15-29,0.04,63,0.96
637,Netherlands,2009,Y15-29,0.01,2154,0.99
638,Netherlands,2010,Y15-29,0.0,2096,1.0
639,Netherlands,2011,Y15-29,-0.01,2107,1.01
640,Netherlands,2012,Y15-29,0.0,2119,1.0
641,Netherlands,2013,Y15-29,-0.01,2111,1.01
642,Netherlands,2014,Y15-29,0.01,2087,0.99
643,Netherlands,2015,Y15-29,-0.01,2151,1.01
644,Netherlands,2016,Y15-29,-0.01,2187,1.01
645,Netherlands,2017,Y15-29,-0.01,2249,1.01
646,Netherlands,2018,Y15-29,-0.01,2320,1.01
647,Netherlands,2019,Y15-29,-0.01,2379,1.01
648,Netherlands,2020,Y15-29,-0.01,2324,1.01
649,Netherlands,2021,Y15-29,-0.02,2491,1.02
650,Poland,2009,Y15-29,0.1,3576,0.9
651,Poland,2010,Y15-29,0.1,3384,0.9
652,Poland,2011,Y15-29,0.12,3262,0.88
653,Poland,2012,Y15-29,0.12,3158,0.88
654,Poland,2013,Y15-29,0.11,3025,0.89
655,Poland,2014,Y15-29,0.1,3012,0.9
656,Poland,2015,Y15-29,0.1,2978,0.9
657,Poland,2016,Y15-29,0.11,3083,0.89
658,Poland,2017,Y15-29,0.12,3064,0.88
659,Poland,2018,Y15-29,0.11,3030,0.89
660,Poland,2019,Y15-29,0.12,2964,0.88
661,Poland,2020,Y15-29,0.12,2713,0.88
662,Poland,2021,Y15-29,0.12,2678,0.88
663,Portugal,2009,Y15-29,0.04,866,0.96
664,Portugal,2010,Y15-29,0.04,789,0.96
665,Portugal,2011,Y15-29,0.04,762,0.96
666,Portugal,2012,Y15-29,0.02,678,0.98
667,Portugal,2013,Y15-29,0.02,625,0.98
668,Portugal,2014,Y15-29,0.01,637,0.99
669,Portugal,2015,Y15-29,0.01,645,0.99
670,Portugal,2016,Y15-29,0.01,656,0.99
671,Portugal,2017,Y15-29,0.02,702,0.98
672,Portugal,2018,Y15-29,0.03,723,0.97
673,Portugal,2019,Y15-29,0.03,740,0.97
674,Portugal,2020,Y15-29,0.02,673,0.98
675,Portugal,2021,Y15-29,0.04,662,0.96
676,Romania,2009,Y15-29,0.1,1569,0.9
677,Romania,2010,Y15-29,0.1,1343,0.9
678,Romania,2011,Y15-29,0.1,1322,0.9
679,Romania,2012,Y15-29,0.1,1315,0.9
680,Romania,2013,Y15-29,0.1,1303,0.9
681,Romania,2014,Y15-29,0.11,1322,0.89
682,Romania,2015,Y15-29,0.12,1387,0.88
683,Romania,2016,Y15-29,0.13,1331,0.87
684,Romania,2017,Y15-29,0.1,1341,0.9
685,Romania,2018,Y15-29,0.12,1293,0.88
686,Romania,2019,Y15-29,0.13,1231,0.87
687,Romania,2020,Y15-29,0.13,1182,0.87
688,Romania,2021,Y15-29,0.13,1139,0.87
689,Sweden,2009,Y15-29,0.01,898,0.99
690,Sweden,2010,Y15-29,0.02,911,0.98
691,Sweden,2011,Y15-29,0.03,958,0.97
692,Sweden,2012,Y15-29,0.0,951,1.0
693,Sweden,2013,Y15-29,0.01,981,0.99
694,Sweden,2014,Y15-29,0.0,1007,1.0
695,Sweden,2015,Y15-29,0.0,1037,1.0
696,Sweden,2016,Y15-29,0.0,1058,1.0
697,Sweden,2017,Y15-29,0.0,1085,1.0
698,Sweden,2018,Y15-29,0.0,1090,1.0
699,Sweden,2019,Y15-29,0.0,1078,1.0
700,Sweden,2020,Y15-29,0.01,1007,0.99
701,Sweden,2021,Y15-29,0.01,1004,0.99
702,Slovenia,2009,Y15-29,0.07,199,0.9299999999999999
703,Slovenia,2010,Y15-29,0.05,189,0.95
704,Slovenia,2011,Y15-29,0.06,176,0.94
705,Slovenia,2012,Y15-29,0.05,161,0.95
706,Slovenia,2013,Y15-29,0.06,152,0.94
707,Slovenia,2014,Y15-29,0.09,146,0.91
708,Slovenia,2015,Y15-29,0.09,152,0.91
709,Slovenia,2016,Y15-29,0.08,147,0.92
710,Slovenia,2017,Y15-29,0.09,161,0.91
711,Slovenia,2018,Y15-29,0.07,160,0.9299999999999999
712,Slovenia,2019,Y15-29,0.07,157,0.9299999999999999
713,Slovenia,2020,Y15-29,0.06,143,0.94
714,Slovenia,2021,Y15-29,0.08,137,0.92
715,Slovakia,2009,Y15-29,0.1,522,0.9
716,Slovakia,2010,Y15-29,0.08,486,0.92
717,Slovakia,2011,Y15-29,0.11,457,0.89
718,Slovakia,2012,Y15-29,0.1,453,0.9
719,Slovakia,2013,Y15-29,0.1,442,0.9
720,Slovakia,2014,Y15-29,0.11,446,0.89
721,Slovakia,2015,Y15-29,0.12,465,0.88
722,Slovakia,2016,Y15-29,0.14,470,0.86
723,Slovakia,2017,Y15-29,0.13,466,0.87
724,Slovakia,2018,Y15-29,0.13,459,0.87
725,Slovakia,2019,Y15-29,0.14,437,0.86
726,Slovakia,2020,Y15-29,0.15,404,0.85
727,Slovakia,2021,Y15-29,0.12,375,0.88
728,Austria,2009,Y15-64,0.11,3909,0.89
729,Austria,2010,Y15-64,0.1,3944,0.9
730,Austria,2011,Y15-64,0.1,3982,0.9
731,Austria,2012,Y15-64,0.09,4013,0.91
732,Austria,2013,Y15-64,0.09,4030,0.91
733,Austria,2014,Y15-64,0.08,4034,0.92
734,Austria,2015,Y15-64,0.08,4068,0.92
735,Austria,2016,Y15-64,0.07,4143,0.9299999999999999
736,Austria,2017,Y15-64,0.08,4185,0.92
737,Austria,2018,Y15-64,0.08,4241,0.92
738,Austria,2019,Y15-64,0.09,4280,0.91
739,Austria,2020,Y15-64,0.09,4185,0.91
740,Austria,2021,Y15-64,0.09,4232,0.91
741,Belgium,2009,Y15-64,0.11,4389,0.89
742,Belgium,2010,Y15-64,0.11,4451,0.89
743,Belgium,2011,Y15-64,0.1,4470,0.9
744,Belgium,2012,Y15-64,0.1,4479,0.9
745,Belgium,2013,Y15-64,0.09,4485,0.91
746,Belgium,2014,Y15-64,0.08,4497,0.92
747,Belgium,2015,Y15-64,0.08,4499,0.92
748,Belgium,2016,Y15-64,0.08,4541,0.92
749,Belgium,2017,Y15-64,0.09,4587,0.91
750,Belgium,2018,Y15-64,0.07,4699,0.9299999999999999
751,Belgium,2019,Y15-64,0.07,4771,0.9299999999999999
752,Belgium,2020,Y15-64,0.07,4720,0.9299999999999999
753,Belgium,2021,Y15-64,0.07,4795,0.9299999999999999
754,Bulgaria,2009,Y15-64,0.09,3156,0.91
755,Bulgaria,2010,Y15-64,0.07,2991,0.9299999999999999
756,Bulgaria,2011,Y15-64,0.05,2885,0.95
757,Bulgaria,2012,Y15-64,0.05,2854,0.95
758,Bulgaria,2013,Y15-64,0.05,2849,0.95
759,Bulgaria,2014,Y15-64,0.06,2887,0.94
760,Bulgaria,2015,Y15-64,0.06,2934,0.94
761,Bulgaria,2016,Y15-64,0.07,2915,0.9299999999999999
762,Bulgaria,2017,Y15-64,0.08,3032,0.92
763,Bulgaria,2018,Y15-64,0.08,3029,0.92
764,Bulgaria,2019,Y15-64,0.08,3095,0.92
765,Bulgaria,2020,Y15-64,0.08,2985,0.92
766,Bulgaria,2021,Y15-64,0.08,2987,0.92
767,Cyprus,2009,Y15-64,0.14,371,0.86
768,Cyprus,2010,Y15-64,0.12,382,0.88
769,Cyprus,2011,Y15-64,0.12,386,0.88
770,Cyprus,2012,Y15-64,0.11,375,0.89
771,Cyprus,2013,Y15-64,0.1,357,0.9
772,Cyprus,2014,Y15-64,0.07,355,0.9299999999999999
773,Cyprus,2015,Y15-64,0.08,350,0.92
774,Cyprus,2016,Y15-64,0.1,354,0.9
775,Cyprus,2017,Y15-64,0.09,370,0.91
776,Cyprus,2018,Y15-64,0.09,390,0.91
777,Cyprus,2019,Y15-64,0.11,403,0.89
778,Cyprus,2020,Y15-64,0.12,405,0.88
779,Cyprus,2021,Y15-64,0.12,417,0.88
780,Czech Republic,2009,Y15-64,0.17,4857,0.83
781,Czech Republic,2010,Y15-64,0.18,4810,0.8200000000000001
782,Czech Republic,2011,Y15-64,0.17,4796,0.83
783,Czech Republic,2012,Y15-64,0.17,4810,0.83
784,Czech Republic,2013,Y15-64,0.16,4846,0.84
785,Czech Republic,2014,Y15-64,0.16,4883,0.84
786,Czech Republic,2015,Y15-64,0.16,4934,0.84
787,Czech Republic,2016,Y15-64,0.15,5016,0.85
788,Czech Republic,2017,Y15-64,0.15,5094,0.85
789,Czech Republic,2018,Y15-64,0.14,5147,0.86
790,Czech Republic,2019,Y15-64,0.14,5151,0.86
791,Czech Republic,2020,Y15-64,0.14,5087,0.86
792,Czech Republic,2021,Y15-64,0.14,5066,0.86
793,Germany,2009,Y15-64,0.1,37309,0.9
794,Germany,2010,Y15-64,0.1,36845,0.9
795,Germany,2011,Y15-64,0.1,37543,0.9
796,Germany,2012,Y15-64,0.1,37814,0.9
797,Germany,2013,Y15-64,0.09,38129,0.91
798,Germany,2014,Y15-64,0.08,38393,0.92
799,Germany,2015,Y15-64,0.08,38657,0.92
800,Germany,2016,Y15-64,0.07,39633,0.9299999999999999
801,Germany,2017,Y15-64,0.07,39945,0.9299999999999999
802,Germany,2018,Y15-64,0.08,40096,0.92
803,Germany,2019,Y15-64,0.07,40520,0.9299999999999999
804,Germany,2020,Y15-64,0.07,39621,0.9299999999999999
805,Germany,2021,Y15-64,0.07,40154,0.9299999999999999
806,Denmark,2009,Y15-64,0.05,2658,0.95
807,Denmark,2010,Y15-64,0.04,2599,0.96
808,Denmark,2011,Y15-64,0.05,2588,0.95
809,Denmark,2012,Y15-64,0.06,2565,0.94
810,Denmark,2013,Y15-64,0.05,2557,0.95
811,Denmark,2014,Y15-64,0.06,2579,0.94
812,Denmark,2015,Y15-64,0.06,2623,0.94
813,Denmark,2016,Y15-64,0.06,2668,0.94
814,Denmark,2017,Y15-64,0.06,2698,0.94
815,Denmark,2018,Y15-64,0.06,2739,0.94
816,Denmark,2019,Y15-64,0.06,2779,0.94
817,Denmark,2020,Y15-64,0.06,2753,0.94
818,Denmark,2021,Y15-64,0.05,2787,0.95
819,Estonia,2009,Y15-64,0.0,577,1.0
820,Estonia,2010,Y15-64,0.0,555,1.0
821,Estonia,2011,Y15-64,0.04,585,0.96
822,Estonia,2012,Y15-64,0.04,598,0.96
823,Estonia,2013,Y15-64,0.04,603,0.96
824,Estonia,2014,Y15-64,0.05,605,0.95
825,Estonia,2015,Y15-64,0.06,611,0.94
826,Estonia,2016,Y15-64,0.05,612,0.95
827,Estonia,2017,Y15-64,0.05,625,0.95
828,Estonia,2018,Y15-64,0.06,627,0.94
829,Estonia,2019,Y15-64,0.05,632,0.95
830,Estonia,2020,Y15-64,0.04,618,0.96
831,Estonia,2021,Y15-64,0.04,616,0.96
832,Greece,2009,Y15-64,0.25,4459,0.75
833,Greece,2010,Y15-64,0.23,4289,0.77
834,Greece,2011,Y15-64,0.21,3963,0.79
835,Greece,2012,Y15-64,0.19,3608,0.81
836,Greece,2013,Y15-64,0.18,3438,0.8200000000000001
837,Greece,2014,Y15-64,0.17,3466,0.83
838,Greece,2015,Y15-64,0.18,3543,0.8200000000000001
839,Greece,2016,Y15-64,0.18,3591,0.8200000000000001
840,Greece,2017,Y15-64,0.19,3663,0.81
841,Greece,2018,Y15-64,0.2,3724,0.8
842,Greece,2019,Y15-64,0.19,3800,0.81
843,Greece,2020,Y15-64,0.18,3607,0.8200000000000001
844,Greece,2021,Y15-64,0.18,3823,0.8200000000000001
845,Spain,2009,Y15-64,0.13,18957,0.87
846,Spain,2010,Y15-64,0.12,18574,0.88
847,Spain,2011,Y15-64,0.1,18271,0.9
848,Spain,2012,Y15-64,0.09,17477,0.91
849,Spain,2013,Y15-64,0.09,17002,0.91
850,Spain,2014,Y15-64,0.1,17211,0.9
851,Spain,2015,Y15-64,0.1,17717,0.9
852,Spain,2016,Y15-64,0.11,18183,0.89
853,Spain,2017,Y15-64,0.1,18649,0.9
854,Spain,2018,Y15-64,0.11,19136,0.89
855,Spain,2019,Y15-64,0.11,19568,0.89
856,Spain,2020,Y15-64,0.1,18958,0.9
857,Spain,2021,Y15-64,0.1,19493,0.9
871,Finland,2009,Y15-64,0.02,2394,0.98
872,Finland,2010,Y15-64,0.02,2375,0.98
873,Finland,2011,Y15-64,0.04,2394,0.96
874,Finland,2012,Y15-64,0.03,2399,0.97
875,Finland,2013,Y15-64,0.02,2375,0.98
876,Finland,2014,Y15-64,0.02,2359,0.98
877,Finland,2015,Y15-64,0.01,2334,0.99
878,Finland,2016,Y15-64,0.03,2350,0.97
879,Finland,2017,Y15-64,0.03,2372,0.97
880,Finland,2018,Y15-64,0.02,2433,0.98
881,Finland,2019,Y15-64,0.02,2455,0.98
882,Finland,2020,Y15-64,0.03,2420,0.97
883,Finland,2021,Y15-64,0.02,2470,0.98
884,France,2009,Y15-64,0.07,26289,0.9299999999999999
885,France,2010,Y15-64,0.07,26338,0.9299999999999999
886,France,2011,Y15-64,0.07,26327,0.9299999999999999
887,France,2012,Y15-64,0.07,26335,0.9299999999999999
888,France,2013,Y15-64,0.07,26311,0.9299999999999999
889,France,2014,Y15-64,0.05,26326,0.95
890,France,2015,Y15-64,0.05,26348,0.95
891,France,2016,Y15-64,0.06,26443,0.94
892,France,2017,Y15-64,0.06,26655,0.94
893,France,2018,Y15-64,0.06,26886,0.94
894,France,2019,Y15-64,0.05,26964,0.95
895,France,2020,Y15-64,0.05,26832,0.95
896,France,2021,Y15-64,0.06,27274,0.94
897,Croatia,2009,Y15-64,0.11,1708,0.89
898,Croatia,2010,Y15-64,0.11,1649,0.89
899,Croatia,2011,Y15-64,0.11,1584,0.89
900,Croatia,2012,Y15-64,0.1,1528,0.9
901,Croatia,2013,Y15-64,0.08,1494,0.92
902,Croatia,2014,Y15-64,0.09,1542,0.91
903,Croatia,2015,Y15-64,0.08,1559,0.92
904,Croatia,2016,Y15-64,0.09,1567,0.91
905,Croatia,2017,Y15-64,0.1,1603,0.9
906,Croatia,2018,Y15-64,0.09,1630,0.91
907,Croatia,2019,Y15-64,0.1,1650,0.9
908,Croatia,2020,Y15-64,0.1,1630,0.9
909,Croatia,2021,Y15-64,0.09,1649,0.91
910,Hungary,2009,Y15-64,0.07,3864,0.9299999999999999
911,Hungary,2010,Y15-64,0.06,3843,0.94
912,Hungary,2011,Y15-64,0.06,3868,0.94
913,Hungary,2012,Y15-64,0.06,3924,0.94
914,Hungary,2013,Y15-64,0.07,3997,0.9299999999999999
915,Hungary,2014,Y15-64,0.08,4192,0.92
916,Hungary,2015,Y15-64,0.08,4300,0.92
917,Hungary,2016,Y15-64,0.09,4440,0.91
918,Hungary,2017,Y15-64,0.1,4500,0.9
919,Hungary,2018,Y15-64,0.09,4548,0.91
920,Hungary,2019,Y15-64,0.1,4568,0.9
921,Hungary,2020,Y15-64,0.1,4519,0.9
922,Hungary,2021,Y15-64,0.1,4535,0.9
923,Ireland,2009,Y15-64,0.09,1970,0.91
924,Ireland,2010,Y15-64,0.08,1878,0.92
925,Ireland,2011,Y15-64,0.08,1839,0.92
926,Ireland,2012,Y15-64,0.08,1830,0.92
927,Ireland,2013,Y15-64,0.09,1885,0.91
928,Ireland,2014,Y15-64,0.1,1933,0.9
929,Ireland,2015,Y15-64,0.11,1993,0.89
930,Ireland,2016,Y15-64,0.11,2065,0.89
931,Ireland,2017,Y15-64,0.11,2123,0.89
932,Ireland,2018,Y15-64,0.11,2175,0.89
933,Ireland,2019,Y15-64,0.11,2235,0.89
934,Ireland,2020,Y15-64,0.11,2165,0.89
935,Ireland,2021,Y15-64,0.08,2289,0.92
936,Italy,2009,Y15-64,0.22,22147,0.78
937,Italy,2010,Y15-64,0.21,21961,0.79
938,Italy,2011,Y15-64,0.21,22037,0.79
939,Italy,2012,Y15-64,0.19,21891,0.81
940,Italy,2013,Y15-64,0.18,21420,0.8200000000000001
941,Italy,2014,Y15-64,0.17,21458,0.83
942,Italy,2015,Y15-64,0.18,21634,0.8200000000000001
943,Italy,2016,Y15-64,0.18,21938,0.8200000000000001
944,Italy,2017,Y15-64,0.18,22161,0.8200000000000001
945,Italy,2018,Y15-64,0.18,22333,0.8200000000000001
946,Italy,2019,Y15-64,0.18,22443,0.8200000000000001
947,Italy,2020,Y15-64,0.19,21721,0.81
948,Italy,2021,Y15-64,0.18,21849,0.8200000000000001
949,Lithuania,2009,Y15-64,-0.01,1290,1.01
950,Lithuania,2010,Y15-64,-0.02,1224,1.02
951,Lithuania,2011,Y15-64,0.0,1226,1.0
952,Lithuania,2012,Y15-64,0.0,1244,1.0
953,Lithuania,2013,Y15-64,0.02,1264,0.98
954,Lithuania,2014,Y15-64,0.01,1288,0.99
955,Lithuania,2015,Y15-64,0.02,1301,0.98
956,Lithuania,2016,Y15-64,0.01,1318,0.99
957,Lithuania,2017,Y15-64,0.01,1306,0.99
958,Lithuania,2018,Y15-64,0.01,1324,0.99
959,Lithuania,2019,Y15-64,0.02,1324,0.98
960,Lithuania,2020,Y15-64,0.01,1298,0.99
961,Lithuania,2021,Y15-64,0.01,1310,0.99
962,Luxembourg,2009,Y15-64,0.16,215,0.84
963,Luxembourg,2010,Y15-64,0.16,219,0.84
964,Luxembourg,2011,Y15-64,0.15,222,0.85
965,Luxembourg,2012,Y15-64,0.13,234,0.87
966,Luxembourg,2013,Y15-64,0.13,236,0.87
967,Luxembourg,2014,Y15-64,0.13,243,0.87
968,Luxembourg,2015,Y15-64,0.1,255,0.9
969,Luxembourg,2016,Y15-64,0.1,259,0.9
970,Luxembourg,2017,Y15-64,0.08,270,0.92
971,Luxembourg,2018,Y15-64,0.08,278,0.92
972,Luxembourg,2019,Y15-64,0.08,287,0.92
973,Luxembourg,2020,Y15-64,0.06,290,0.94
974,Luxembourg,2021,Y15-64,0.07,303,0.9299999999999999
975,Latvia,2009,Y15-64,0.0,872,1.0
976,Latvia,2010,Y15-64,-0.01,825,1.01
977,Latvia,2011,Y15-64,0.01,837,0.99
978,Latvia,2012,Y15-64,0.02,849,0.98
979,Latvia,2013,Y15-64,0.04,864,0.96
980,Latvia,2014,Y15-64,0.04,857,0.96
981,Latvia,2015,Y15-64,0.04,867,0.96
982,Latvia,2016,Y15-64,0.03,860,0.97
983,Latvia,2017,Y15-64,0.04,861,0.96
984,Latvia,2018,Y15-64,0.04,872,0.96
985,Latvia,2019,Y15-64,0.03,870,0.97
986,Latvia,2020,Y15-64,0.03,850,0.97
987,Latvia,2021,Y15-64,0.04,822,0.96
988,Malta,2009,Y15-64,0.34,158,0.6599999999999999
989,Malta,2010,Y15-64,0.32,160,0.6799999999999999
990,Malta,2011,Y15-64,0.32,164,0.6799999999999999
991,Malta,2012,Y15-64,0.29,171,0.71
992,Malta,2013,Y15-64,0.26,179,0.74
993,Malta,2014,Y15-64,0.24,187,0.76
994,Malta,2015,Y15-64,0.25,194,0.75
995,Malta,2016,Y15-64,0.24,205,0.76
996,Malta,2017,Y15-64,0.22,217,0.78
997,Malta,2018,Y15-64,0.2,234,0.8
998,Malta,2019,Y15-64,0.19,249,0.81
999,Malta,2020,Y15-64,0.17,256,0.83
1000,Malta,2021,Y15-64,0.16,263,0.84
1001,Netherlands,2009,Y15-64,0.12,8388,0.88
1002,Netherlands,2010,Y15-64,0.11,8313,0.89
1003,Netherlands,2011,Y15-64,0.1,8320,0.9
1004,Netherlands,2012,Y15-64,0.09,8342,0.91
1005,Netherlands,2013,Y15-64,0.08,8272,0.92
1006,Netherlands,2014,Y15-64,0.09,8196,0.91
1007,Netherlands,2015,Y15-64,0.09,8283,0.91
1008,Netherlands,2016,Y15-64,0.09,8391,0.91
1009,Netherlands,2017,Y15-64,0.09,8544,0.91
1010,Netherlands,2018,Y15-64,0.08,8711,0.92
1011,Netherlands,2019,Y15-64,0.08,8857,0.92
1012,Netherlands,2020,Y15-64,0.07,8849,0.9299999999999999
1013,Netherlands,2021,Y15-64,0.07,8975,0.9299999999999999
1014,Poland,2009,Y15-64,0.13,15059,0.87
1015,Poland,2010,Y15-64,0.12,14729,0.88
1016,Poland,2011,Y15-64,0.13,14834,0.87
1017,Poland,2012,Y15-64,0.12,14911,0.88
1018,Poland,2013,Y15-64,0.13,14909,0.87
1019,Poland,2014,Y15-64,0.12,15222,0.88
1020,Poland,2015,Y15-64,0.12,15479,0.88
1021,Poland,2016,Y15-64,0.13,15646,0.87
1022,Poland,2017,Y15-64,0.13,15872,0.87
1023,Poland,2018,Y15-64,0.13,15955,0.87
1024,Poland,2019,Y15-64,0.13,15935,0.87
1025,Poland,2020,Y15-64,0.14,15853,0.86
1026,Poland,2021,Y15-64,0.13,16237,0.87
1027,Portugal,2009,Y15-64,0.1,4427,0.9
1028,Portugal,2010,Y15-64,0.09,4365,0.91
1029,Portugal,2011,Y15-64,0.08,4315,0.92
1030,Portugal,2012,Y15-64,0.06,4112,0.94
1031,Portugal,2013,Y15-64,0.06,4034,0.94
1032,Portugal,2014,Y15-64,0.06,4158,0.94
1033,Portugal,2015,Y15-64,0.06,4233,0.94
1034,Portugal,2016,Y15-64,0.05,4303,0.95
1035,Portugal,2017,Y15-64,0.06,4459,0.94
1036,Portugal,2018,Y15-64,0.06,4572,0.94
1037,Portugal,2019,Y15-64,0.06,4612,0.94
1038,Portugal,2020,Y15-64,0.05,4525,0.95
1039,Portugal,2021,Y15-64,0.05,4623,0.95
1040,Romania,2009,Y15-64,0.15,7435,0.85
1041,Romania,2010,Y15-64,0.16,7189,0.84
1042,Romania,2011,Y15-64,0.16,7117,0.84
1043,Romania,2012,Y15-64,0.15,7178,0.85
1044,Romania,2013,Y15-64,0.15,7159,0.85
1045,Romania,2014,Y15-64,0.16,7260,0.84
1046,Romania,2015,Y15-64,0.16,7352,0.84
1047,Romania,2016,Y15-64,0.16,7400,0.84
1048,Romania,2017,Y15-64,0.16,7596,0.84
1049,Romania,2018,Y15-64,0.18,7635,0.8200000000000001
1050,Romania,2019,Y15-64,0.18,7691,0.8200000000000001
1051,Romania,2020,Y15-64,0.18,7592,0.8200000000000001
1052,Romania,2021,Y15-64,0.19,7668,0.81
1053,Sweden,2009,Y15-64,0.04,4342,0.96
1054,Sweden,2010,Y15-64,0.05,4354,0.95
1055,Sweden,2011,Y15-64,0.05,4449,0.95
1056,Sweden,2012,Y15-64,0.04,4460,0.96
1057,Sweden,2013,Y15-64,0.04,4505,0.96
1058,Sweden,2014,Y15-64,0.04,4548,0.96
1059,Sweden,2015,Y15-64,0.04,4609,0.96
1060,Sweden,2016,Y15-64,0.03,4685,0.97
1061,Sweden,2017,Y15-64,0.03,4781,0.97
1062,Sweden,2018,Y15-64,0.03,4857,0.97
1063,Sweden,2019,Y15-64,0.03,4885,0.97
1064,Sweden,2020,Y15-64,0.04,4805,0.96
1065,Sweden,2021,Y15-64,0.04,4853,0.96
1066,Slovenia,2009,Y15-64,0.06,948,0.94
1067,Slovenia,2010,Y15-64,0.07,932,0.9299999999999999
1068,Slovenia,2011,Y15-64,0.07,907,0.9299999999999999
1069,Slovenia,2012,Y15-64,0.07,899,0.9299999999999999
1070,Slovenia,2013,Y15-64,0.07,881,0.9299999999999999
1071,Slovenia,2014,Y15-64,0.07,886,0.9299999999999999
1072,Slovenia,2015,Y15-64,0.07,894,0.9299999999999999
1073,Slovenia,2016,Y15-64,0.06,896,0.94
1074,Slovenia,2017,Y15-64,0.07,936,0.9299999999999999
1075,Slovenia,2018,Y15-64,0.07,954,0.9299999999999999
1076,Slovenia,2019,Y15-64,0.06,962,0.94
1077,Slovenia,2020,Y15-64,0.06,954,0.94
1078,Slovenia,2021,Y15-64,0.06,954,0.94
1079,Slovakia,2009,Y15-64,0.11,2422,0.89
1080,Slovakia,2010,Y15-64,0.09,2372,0.91
1081,Slovakia,2011,Y15-64,0.1,2368,0.9
1082,Slovakia,2012,Y15-64,0.1,2382,0.9
1083,Slovakia,2013,Y15-64,0.09,2383,0.91
1084,Slovakia,2014,Y15-64,0.09,2416,0.91
1085,Slovakia,2015,Y15-64,0.09,2473,0.91
1086,Slovakia,2016,Y15-64,0.09,2542,0.91
1087,Slovakia,2017,Y15-64,0.08,2574,0.92
1088,Slovakia,2018,Y15-64,0.08,2606,0.92
1089,Slovakia,2019,Y15-64,0.07,2618,0.9299999999999999
1090,Slovakia,2020,Y15-64,0.07,2564,0.9299999999999999
1091,Slovakia,2021,Y15-64,0.07,2522,0.9299999999999999
1092,Austria,2009,Y20-64,0.11,3724,0.89
1093,Austria,2010,Y20-64,0.1,3762,0.9
1094,Austria,2011,Y20-64,0.1,3802,0.9
1095,Austria,2012,Y20-64,0.09,3835,0.91
1096,Austria,2013,Y20-64,0.09,3864,0.91
1097,Austria,2014,Y20-64,0.08,3876,0.92
1098,Austria,2015,Y20-64,0.08,3918,0.92
1099,Austria,2016,Y20-64,0.08,3998,0.92
1100,Austria,2017,Y20-64,0.08,4048,0.92
1101,Austria,2018,Y20-64,0.09,4102,0.91
1102,Austria,2019,Y20-64,0.09,4148,0.91
1103,Austria,2020,Y20-64,0.08,4052,0.92
1104,Austria,2021,Y20-64,0.09,4102,0.91
1105,Belgium,2009,Y20-64,0.12,4345,0.88
1106,Belgium,2010,Y20-64,0.12,4413,0.88
1107,Belgium,2011,Y20-64,0.11,4427,0.89
1108,Belgium,2012,Y20-64,0.11,4441,0.89
1109,Belgium,2013,Y20-64,0.1,4454,0.9
1110,Belgium,2014,Y20-64,0.09,4466,0.91
1111,Belgium,2015,Y20-64,0.08,4468,0.92
1112,Belgium,2016,Y20-64,0.09,4508,0.91
1113,Belgium,2017,Y20-64,0.09,4550,0.91
1114,Belgium,2018,Y20-64,0.08,4646,0.92
1115,Belgium,2019,Y20-64,0.08,4708,0.92
1116,Belgium,2020,Y20-64,0.08,4664,0.92
1117,Belgium,2021,Y20-64,0.07,4735,0.9299999999999999
1118,Bulgaria,2009,Y20-64,0.09,3148,0.91
1119,Bulgaria,2010,Y20-64,0.08,2993,0.92
1120,Bulgaria,2011,Y20-64,0.06,2889,0.94
1121,Bulgaria,2012,Y20-64,0.05,2854,0.95
1122,Bulgaria,2013,Y20-64,0.06,2852,0.94
1123,Bulgaria,2014,Y20-64,0.05,2888,0.95
1124,Bulgaria,2015,Y20-64,0.07,2934,0.9299999999999999
1125,Bulgaria,2016,Y20-64,0.06,2914,0.94
1126,Bulgaria,2017,Y20-64,0.07,3029,0.9299999999999999
1127,Bulgaria,2018,Y20-64,0.08,3025,0.92
1128,Bulgaria,2019,Y20-64,0.08,3091,0.92
1129,Bulgaria,2020,Y20-64,0.09,2985,0.91
1130,Bulgaria,2021,Y20-64,0.08,2977,0.92
1131,Cyprus,2009,Y20-64,0.15,367,0.85
1132,Cyprus,2010,Y20-64,0.13,379,0.87
1133,Cyprus,2011,Y20-64,0.12,384,0.88
1134,Cyprus,2012,Y20-64,0.11,373,0.89
1135,Cyprus,2013,Y20-64,0.11,355,0.89
1136,Cyprus,2014,Y20-64,0.08,353,0.92
1137,Cyprus,2015,Y20-64,0.08,348,0.92
1138,Cyprus,2016,Y20-64,0.1,352,0.9
1139,Cyprus,2017,Y20-64,0.1,368,0.9
1140,Cyprus,2018,Y20-64,0.1,387,0.9
1141,Cyprus,2019,Y20-64,0.12,400,0.88
1142,Cyprus,2020,Y20-64,0.12,402,0.88
1143,Cyprus,2021,Y20-64,0.12,414,0.88
1144,Czech Republic,2009,Y20-64,0.19,4825,0.81
1145,Czech Republic,2010,Y20-64,0.19,4785,0.81
1146,Czech Republic,2011,Y20-64,0.18,4775,0.8200000000000001
1147,Czech Republic,2012,Y20-64,0.18,4791,0.8200000000000001
1148,Czech Republic,2013,Y20-64,0.17,4829,0.83
1149,Czech Republic,2014,Y20-64,0.17,4862,0.83
1150,Czech Republic,2015,Y20-64,0.17,4913,0.83
1151,Czech Republic,2016,Y20-64,0.16,4995,0.84
1152,Czech Republic,2017,Y20-64,0.16,5071,0.84
1153,Czech Republic,2018,Y20-64,0.15,5124,0.85
1154,Czech Republic,2019,Y20-64,0.15,5126,0.85
1155,Czech Republic,2020,Y20-64,0.15,5066,0.85
1156,Czech Republic,2021,Y20-64,0.16,5046,0.84
1157,Germany,2009,Y20-64,0.1,36098,0.9
1158,Germany,2010,Y20-64,0.1,35750,0.9
1159,Germany,2011,Y20-64,0.11,36463,0.89
1160,Germany,2012,Y20-64,0.1,36794,0.9
1161,Germany,2013,Y20-64,0.09,37084,0.91
1162,Germany,2014,Y20-64,0.09,37369,0.91
1163,Germany,2015,Y20-64,0.08,37640,0.92
1164,Germany,2016,Y20-64,0.08,38548,0.92
1165,Germany,2017,Y20-64,0.08,38862,0.92
1166,Germany,2018,Y20-64,0.08,39025,0.92
1167,Germany,2019,Y20-64,0.08,39424,0.92
1168,Germany,2020,Y20-64,0.08,38589,0.92
1169,Germany,2021,Y20-64,0.07,39148,0.9299999999999999
1170,Denmark,2009,Y20-64,0.06,2495,0.94
1171,Denmark,2010,Y20-64,0.06,2449,0.94
1172,Denmark,2011,Y20-64,0.07,2442,0.9299999999999999
1173,Denmark,2012,Y20-64,0.07,2423,0.9299999999999999
1174,Denmark,2013,Y20-64,0.07,2427,0.9299999999999999
1175,Denmark,2014,Y20-64,0.07,2449,0.9299999999999999
1176,Denmark,2015,Y20-64,0.07,2488,0.9299999999999999
1177,Denmark,2016,Y20-64,0.07,2527,0.9299999999999999
1178,Denmark,2017,Y20-64,0.07,2560,0.9299999999999999
1179,Denmark,2018,Y20-64,0.07,2601,0.9299999999999999
1180,Denmark,2019,Y20-64,0.07,2637,0.9299999999999999
1181,Denmark,2020,Y20-64,0.07,2618,0.9299999999999999
1182,Denmark,2021,Y20-64,0.06,2653,0.94
1183,Estonia,2009,Y20-64,0.01,572,0.99
1184,Estonia,2010,Y20-64,0.01,552,0.99
1185,Estonia,2011,Y20-64,0.05,581,0.95
1186,Estonia,2012,Y20-64,0.04,593,0.96
1187,Estonia,2013,Y20-64,0.05,599,0.95
1188,Estonia,2014,Y20-64,0.06,601,0.94
1189,Estonia,2015,Y20-64,0.06,606,0.94
1190,Estonia,2016,Y20-64,0.06,606,0.94
1191,Estonia,2017,Y20-64,0.05,618,0.95
1192,Estonia,2018,Y20-64,0.06,620,0.94
1193,Estonia,2019,Y20-64,0.06,625,0.94
1194,Estonia,2020,Y20-64,0.04,613,0.96
1195,Estonia,2021,Y20-64,0.03,611,0.97
1196,Greece,2009,Y20-64,0.27,4420,0.73
1197,Greece,2010,Y20-64,0.25,4260,0.75
1198,Greece,2011,Y20-64,0.23,3943,0.77
1199,Greece,2012,Y20-64,0.2,3591,0.8
1200,Greece,2013,Y20-64,0.19,3425,0.81
1201,Greece,2014,Y20-64,0.19,3450,0.81
1202,Greece,2015,Y20-64,0.18,3530,0.8200000000000001
1203,Greece,2016,Y20-64,0.2,3577,0.8
1204,Greece,2017,Y20-64,0.21,3646,0.79
1205,Greece,2018,Y20-64,0.22,3709,0.78
1206,Greece,2019,Y20-64,0.21,3785,0.79
1207,Greece,2020,Y20-64,0.19,3593,0.81
1208,Greece,2021,Y20-64,0.19,3811,0.81
1209,Spain,2009,Y20-64,0.14,18753,0.86
1210,Spain,2010,Y20-64,0.13,18422,0.87
1211,Spain,2011,Y20-64,0.12,18147,0.88
1212,Spain,2012,Y20-64,0.1,17393,0.9
1213,Spain,2013,Y20-64,0.09,16927,0.91
1214,Spain,2014,Y20-64,0.1,17131,0.9
1215,Spain,2015,Y20-64,0.12,17634,0.88
1216,Spain,2016,Y20-64,0.12,18087,0.88
1217,Spain,2017,Y20-64,0.12,18531,0.88
1218,Spain,2018,Y20-64,0.12,19002,0.88
1219,Spain,2019,Y20-64,0.12,19417,0.88
1220,Spain,2020,Y20-64,0.11,18851,0.89
1221,Spain,2021,Y20-64,0.11,19367,0.89
1235,Finland,2009,Y20-64,0.02,2325,0.98
1236,Finland,2010,Y20-64,0.03,2309,0.97
1237,Finland,2011,Y20-64,0.04,2326,0.96
1238,Finland,2012,Y20-64,0.04,2329,0.96
1239,Finland,2013,Y20-64,0.03,2306,0.97
1240,Finland,2014,Y20-64,0.02,2289,0.98
1241,Finland,2015,Y20-64,0.02,2269,0.98
1242,Finland,2016,Y20-64,0.03,2284,0.97
1243,Finland,2017,Y20-64,0.04,2303,0.96
1244,Finland,2018,Y20-64,0.04,2361,0.96
1245,Finland,2019,Y20-64,0.04,2378,0.96
1246,Finland,2020,Y20-64,0.03,2350,0.97
1247,Finland,2021,Y20-64,0.02,2388,0.98
1248,France,2009,Y20-64,0.08,25851,0.92
1249,France,2010,Y20-64,0.08,25900,0.92
1250,France,2011,Y20-64,0.08,25915,0.92
1251,France,2012,Y20-64,0.08,25961,0.92
1252,France,2013,Y20-64,0.07,25931,0.9299999999999999
1253,France,2014,Y20-64,0.06,25957,0.94
1254,France,2015,Y20-64,0.06,25982,0.94
1255,France,2016,Y20-64,0.06,26055,0.94
1256,France,2017,Y20-64,0.07,26233,0.9299999999999999
1257,France,2018,Y20-64,0.06,26441,0.94
1258,France,2019,Y20-64,0.06,26513,0.94
1259,France,2020,Y20-64,0.06,26402,0.94
1260,France,2021,Y20-64,0.06,26761,0.94
1261,Croatia,2009,Y20-64,0.12,1688,0.88
1262,Croatia,2010,Y20-64,0.12,1633,0.88
1263,Croatia,2011,Y20-64,0.12,1571,0.88
1264,Croatia,2012,Y20-64,0.11,1517,0.89
1265,Croatia,2013,Y20-64,0.09,1486,0.91
1266,Croatia,2014,Y20-64,0.1,1528,0.9
1267,Croatia,2015,Y20-64,0.09,1545,0.91
1268,Croatia,2016,Y20-64,0.09,1549,0.91
1269,Croatia,2017,Y20-64,0.11,1585,0.89
1270,Croatia,2018,Y20-64,0.1,1610,0.9
1271,Croatia,2019,Y20-64,0.1,1631,0.9
1272,Croatia,2020,Y20-64,0.11,1618,0.89
1273,Croatia,2021,Y20-64,0.1,1634,0.9
1274,Hungary,2009,Y20-64,0.07,3852,0.9299999999999999
1275,Hungary,2010,Y20-64,0.07,3831,0.9299999999999999
1276,Hungary,2011,Y20-64,0.07,3857,0.9299999999999999
1277,Hungary,2012,Y20-64,0.07,3914,0.9299999999999999
1278,Hungary,2013,Y20-64,0.08,3984,0.92
1279,Hungary,2014,Y20-64,0.1,4174,0.9
1280,Hungary,2015,Y20-64,0.1,4278,0.9
1281,Hungary,2016,Y20-64,0.1,4415,0.9
1282,Hungary,2017,Y20-64,0.11,4474,0.89
1283,Hungary,2018,Y20-64,0.11,4519,0.89
1284,Hungary,2019,Y20-64,0.11,4538,0.89
1285,Hungary,2020,Y20-64,0.11,4495,0.89
1286,Hungary,2021,Y20-64,0.1,4511,0.9
1287,Ireland,2009,Y20-64,0.1,1905,0.9
1288,Ireland,2010,Y20-64,0.09,1829,0.91
1289,Ireland,2011,Y20-64,0.09,1797,0.91
1290,Ireland,2012,Y20-64,0.09,1788,0.91
1291,Ireland,2013,Y20-64,0.11,1839,0.89
1292,Ireland,2014,Y20-64,0.12,1887,0.88
1293,Ireland,2015,Y20-64,0.12,1944,0.88
1294,Ireland,2016,Y20-64,0.13,2003,0.87
1295,Ireland,2017,Y20-64,0.12,2064,0.88
1296,Ireland,2018,Y20-64,0.12,2115,0.88
1297,Ireland,2019,Y20-64,0.12,2174,0.88
1298,Ireland,2020,Y20-64,0.12,2112,0.88
1299,Ireland,2021,Y20-64,0.1,2212,0.9
1300,Italy,2009,Y20-64,0.23,21983,0.77
1301,Italy,2010,Y20-64,0.23,21823,0.77
1302,Italy,2011,Y20-64,0.22,21920,0.78
1303,Italy,2012,Y20-64,0.21,21781,0.79
1304,Italy,2013,Y20-64,0.19,21343,0.81
1305,Italy,2014,Y20-64,0.19,21387,0.81
1306,Italy,2015,Y20-64,0.2,21557,0.8
1307,Italy,2016,Y20-64,0.2,21858,0.8
1308,Italy,2017,Y20-64,0.2,22064,0.8
1309,Italy,2018,Y20-64,0.2,22227,0.8
1310,Italy,2019,Y20-64,0.19,22337,0.81
1311,Italy,2020,Y20-64,0.2,21632,0.8
1312,Italy,2021,Y20-64,0.19,21760,0.81
1313,Lithuania,2009,Y20-64,0.0,1284,1.0
1314,Lithuania,2010,Y20-64,-0.01,1220,1.01
1315,Lithuania,2011,Y20-64,0.0,1221,1.0
1316,Lithuania,2012,Y20-64,0.01,1240,0.99
1317,Lithuania,2013,Y20-64,0.02,1258,0.98
1318,Lithuania,2014,Y20-64,0.02,1283,0.98
1319,Lithuania,2015,Y20-64,0.03,1296,0.97
1320,Lithuania,2016,Y20-64,0.02,1309,0.98
1321,Lithuania,2017,Y20-64,0.0,1296,1.0
1322,Lithuania,2018,Y20-64,0.02,1313,0.98
1323,Lithuania,2019,Y20-64,0.02,1314,0.98
1324,Lithuania,2020,Y20-64,0.02,1290,0.98
1325,Lithuania,2021,Y20-64,0.01,1302,0.99
1326,Luxembourg,2009,Y20-64,0.17,212,0.83
1327,Luxembourg,2010,Y20-64,0.17,216,0.83
1328,Luxembourg,2011,Y20-64,0.16,221,0.84
1329,Luxembourg,2012,Y20-64,0.14,231,0.86
1330,Luxembourg,2013,Y20-64,0.14,233,0.86
1331,Luxembourg,2014,Y20-64,0.12,240,0.88
1332,Luxembourg,2015,Y20-64,0.12,251,0.88
1333,Luxembourg,2016,Y20-64,0.11,257,0.89
1334,Luxembourg,2017,Y20-64,0.07,267,0.9299999999999999
1335,Luxembourg,2018,Y20-64,0.08,275,0.92
1336,Luxembourg,2019,Y20-64,0.09,284,0.91
1337,Luxembourg,2020,Y20-64,0.08,287,0.92
1338,Luxembourg,2021,Y20-64,0.08,299,0.92
1339,Latvia,2009,Y20-64,0.0,865,1.0
1340,Latvia,2010,Y20-64,0.0,820,1.0
1341,Latvia,2011,Y20-64,0.02,833,0.98
1342,Latvia,2012,Y20-64,0.04,845,0.96
1343,Latvia,2013,Y20-64,0.04,858,0.96
1344,Latvia,2014,Y20-64,0.05,852,0.95
1345,Latvia,2015,Y20-64,0.05,862,0.95
1346,Latvia,2016,Y20-64,0.02,854,0.98
1347,Latvia,2017,Y20-64,0.04,854,0.96
1348,Latvia,2018,Y20-64,0.04,867,0.96
1349,Latvia,2019,Y20-64,0.03,862,0.97
1350,Latvia,2020,Y20-64,0.04,846,0.96
1351,Latvia,2021,Y20-64,0.05,817,0.95
1352,Malta,2009,Y20-64,0.38,152,0.62
1353,Malta,2010,Y20-64,0.36,155,0.64
1354,Malta,2011,Y20-64,0.35,159,0.65
1355,Malta,2012,Y20-64,0.31,166,0.69
1356,Malta,2013,Y20-64,0.28,174,0.72
1357,Malta,2014,Y20-64,0.27,182,0.73
1358,Malta,2015,Y20-64,0.27,189,0.73
1359,Malta,2016,Y20-64,0.26,200,0.74
1360,Malta,2017,Y20-64,0.24,212,0.76
1361,Malta,2018,Y20-64,0.22,229,0.78
1362,Malta,2019,Y20-64,0.2,245,0.8
1363,Malta,2020,Y20-64,0.18,252,0.8200000000000001
1364,Malta,2021,Y20-64,0.17,258,0.83
1365,Netherlands,2009,Y20-64,0.13,7768,0.87
1366,Netherlands,2010,Y20-64,0.12,7711,0.88
1367,Netherlands,2011,Y20-64,0.11,7726,0.89
1368,Netherlands,2012,Y20-64,0.11,7750,0.89
1369,Netherlands,2013,Y20-64,0.1,7689,0.9
1370,Netherlands,2014,Y20-64,0.11,7620,0.89
1371,Netherlands,2015,Y20-64,0.1,7684,0.9
1372,Netherlands,2016,Y20-64,0.1,7775,0.9
1373,Netherlands,2017,Y20-64,0.1,7898,0.9
1374,Netherlands,2018,Y20-64,0.1,8031,0.9
1375,Netherlands,2019,Y20-64,0.09,8159,0.91
1376,Netherlands,2020,Y20-64,0.08,8183,0.92
1377,Netherlands,2021,Y20-64,0.08,8315,0.92
1378,Poland,2009,Y20-64,0.14,14926,0.86
1379,Poland,2010,Y20-64,0.13,14602,0.87
1380,Poland,2011,Y20-64,0.13,14732,0.87
1381,Poland,2012,Y20-64,0.14,14818,0.86
1382,Poland,2013,Y20-64,0.14,14826,0.86
1383,Poland,2014,Y20-64,0.14,15142,0.86
1384,Poland,2015,Y20-64,0.13,15406,0.87
1385,Poland,2016,Y20-64,0.13,15565,0.87
1386,Poland,2017,Y20-64,0.14,15789,0.86
1387,Poland,2018,Y20-64,0.14,15875,0.86
1388,Poland,2019,Y20-64,0.15,15853,0.85
1389,Poland,2020,Y20-64,0.15,15783,0.85
1390,Poland,2021,Y20-64,0.14,16169,0.86
1391,Portugal,2009,Y20-64,0.11,4360,0.89
1392,Portugal,2010,Y20-64,0.1,4309,0.9
1393,Portugal,2011,Y20-64,0.09,4277,0.91
1394,Portugal,2012,Y20-64,0.07,4083,0.9299999999999999
1395,Portugal,2013,Y20-64,0.07,4004,0.9299999999999999
1396,Portugal,2014,Y20-64,0.07,4127,0.9299999999999999
1397,Portugal,2015,Y20-64,0.06,4201,0.94
1398,Portugal,2016,Y20-64,0.07,4269,0.9299999999999999
1399,Portugal,2017,Y20-64,0.07,4423,0.9299999999999999
1400,Portugal,2018,Y20-64,0.06,4532,0.94
1401,Portugal,2019,Y20-64,0.07,4571,0.9299999999999999
1402,Portugal,2020,Y20-64,0.06,4496,0.94
1403,Portugal,2021,Y20-64,0.06,4599,0.94
1404,Romania,2009,Y20-64,0.18,7371,0.8200000000000001
1405,Romania,2010,Y20-64,0.17,7139,0.83
1406,Romania,2011,Y20-64,0.16,7071,0.84
1407,Romania,2012,Y20-64,0.17,7135,0.83
1408,Romania,2013,Y20-64,0.17,7115,0.83
1409,Romania,2014,Y20-64,0.18,7218,0.8200000000000001
1410,Romania,2015,Y20-64,0.18,7298,0.8200000000000001
1411,Romania,2016,Y20-64,0.18,7349,0.8200000000000001
1412,Romania,2017,Y20-64,0.17,7540,0.83
1413,Romania,2018,Y20-64,0.18,7581,0.8200000000000001
1414,Romania,2019,Y20-64,0.2,7638,0.8
1415,Romania,2020,Y20-64,0.2,7547,0.8
1416,Romania,2021,Y20-64,0.2,7625,0.8
1417,Sweden,2009,Y20-64,0.05,4213,0.95
1418,Sweden,2010,Y20-64,0.07,4228,0.9299999999999999
1419,Sweden,2011,Y20-64,0.06,4324,0.94
1420,Sweden,2012,Y20-64,0.06,4349,0.94
1421,Sweden,2013,Y20-64,0.06,4391,0.94
1422,Sweden,2014,Y20-64,0.05,4433,0.95
1423,Sweden,2015,Y20-64,0.04,4492,0.96
1424,Sweden,2016,Y20-64,0.05,4567,0.95
1425,Sweden,2017,Y20-64,0.04,4654,0.96
1426,Sweden,2018,Y20-64,0.05,4720,0.95
1427,Sweden,2019,Y20-64,0.05,4740,0.95
1428,Sweden,2020,Y20-64,0.06,4685,0.94
1429,Sweden,2021,Y20-64,0.05,4726,0.95
1430,Slovenia,2009,Y20-64,0.07,933,0.9299999999999999
1431,Slovenia,2010,Y20-64,0.07,918,0.9299999999999999
1432,Slovenia,2011,Y20-64,0.07,894,0.9299999999999999
1433,Slovenia,2012,Y20-64,0.07,891,0.9299999999999999
1434,Slovenia,2013,Y20-64,0.08,871,0.92
1435,Slovenia,2014,Y20-64,0.08,875,0.92
1436,Slovenia,2015,Y20-64,0.09,883,0.91
1437,Slovenia,2016,Y20-64,0.07,888,0.9299999999999999
1438,Slovenia,2017,Y20-64,0.07,924,0.9299999999999999
1439,Slovenia,2018,Y20-64,0.07,943,0.9299999999999999
1440,Slovenia,2019,Y20-64,0.07,953,0.9299999999999999
1441,Slovenia,2020,Y20-64,0.06,948,0.94
1442,Slovenia,2021,Y20-64,0.06,946,0.94
1443,Slovakia,2009,Y20-64,0.12,2412,0.88
1444,Slovakia,2010,Y20-64,0.1,2365,0.9
1445,Slovakia,2011,Y20-64,0.1,2362,0.9
1446,Slovakia,2012,Y20-64,0.1,2375,0.9
1447,Slovakia,2013,Y20-64,0.1,2377,0.9
1448,Slovakia,2014,Y20-64,0.1,2408,0.9
1449,Slovakia,2015,Y20-64,0.09,2466,0.91
1450,Slovakia,2016,Y20-64,0.09,2532,0.91
1451,Slovakia,2017,Y20-64,0.08,2564,0.92
1452,Slovakia,2018,Y20-64,0.09,2593,0.91
1453,Slovakia,2019,Y20-64,0.07,2609,0.9299999999999999
1454,Slovakia,2020,Y20-64,0.07,2556,0.9299999999999999
1455,Slovakia,2021,Y20-64,0.09,2516,0.91
1456,Austria,2009,Y25-54,0.09,3018,0.91
1457,Austria,2010,Y25-54,0.09,3035,0.91
1458,Austria,2011,Y25-54,0.08,3063,0.92
1459,Austria,2012,Y25-54,0.08,3072,0.92
1460,Austria,2013,Y25-54,0.08,3067,0.92
1461,Austria,2014,Y25-54,0.07,3061,0.9299999999999999
1462,Austria,2015,Y25-54,0.07,3077,0.9299999999999999
1463,Austria,2016,Y25-54,0.06,3103,0.94
1464,Austria,2017,Y25-54,0.06,3120,0.94
1465,Austria,2018,Y25-54,0.07,3126,0.9299999999999999
1466,Austria,2019,Y25-54,0.06,3145,0.94
1467,Austria,2020,Y25-54,0.06,3053,0.94
1468,Austria,2021,Y25-54,0.06,3069,0.94
1469,Belgium,2009,Y25-54,0.12,3597,0.88
1470,Belgium,2010,Y25-54,0.12,3619,0.88
1471,Belgium,2011,Y25-54,0.11,3601,0.89
1472,Belgium,2012,Y25-54,0.1,3603,0.9
1473,Belgium,2013,Y25-54,0.1,3593,0.9
1474,Belgium,2014,Y25-54,0.08,3592,0.92
1475,Belgium,2015,Y25-54,0.08,3564,0.92
1476,Belgium,2016,Y25-54,0.1,3586,0.9
1477,Belgium,2017,Y25-54,0.09,3590,0.91
1478,Belgium,2018,Y25-54,0.08,3632,0.92
1479,Belgium,2019,Y25-54,0.08,3644,0.92
1480,Belgium,2020,Y25-54,0.08,3600,0.92
1481,Belgium,2021,Y25-54,0.08,3635,0.92
1482,Bulgaria,2009,Y25-54,0.08,2475,0.92
1483,Bulgaria,2010,Y25-54,0.06,2306,0.94
1484,Bulgaria,2011,Y25-54,0.03,2230,0.97
1485,Bulgaria,2012,Y25-54,0.02,2205,0.98
1486,Bulgaria,2013,Y25-54,0.04,2202,0.96
1487,Bulgaria,2014,Y25-54,0.05,2233,0.95
1488,Bulgaria,2015,Y25-54,0.05,2270,0.95
1489,Bulgaria,2016,Y25-54,0.06,2254,0.94
1490,Bulgaria,2017,Y25-54,0.07,2324,0.9299999999999999
1491,Bulgaria,2018,Y25-54,0.06,2322,0.94
1492,Bulgaria,2019,Y25-54,0.08,2356,0.92
1493,Bulgaria,2020,Y25-54,0.08,2274,0.92
1494,Bulgaria,2021,Y25-54,0.07,2284,0.9299999999999999
1495,Cyprus,2009,Y25-54,0.13,286,0.87
1496,Cyprus,2010,Y25-54,0.11,295,0.89
1497,Cyprus,2011,Y25-54,0.09,303,0.91
1498,Cyprus,2012,Y25-54,0.09,297,0.91
1499,Cyprus,2013,Y25-54,0.09,285,0.91
1500,Cyprus,2014,Y25-54,0.07,284,0.9299999999999999
1501,Cyprus,2015,Y25-54,0.08,278,0.92
1502,Cyprus,2016,Y25-54,0.1,278,0.9
1503,Cyprus,2017,Y25-54,0.1,288,0.9
1504,Cyprus,2018,Y25-54,0.11,297,0.89
1505,Cyprus,2019,Y25-54,0.11,310,0.89
1506,Cyprus,2020,Y25-54,0.11,312,0.89
1507,Cyprus,2021,Y25-54,0.11,318,0.89
1508,Czech Republic,2009,Y25-54,0.16,3812,0.84
1509,Czech Republic,2010,Y25-54,0.17,3789,0.83
1510,Czech Republic,2011,Y25-54,0.17,3781,0.83
1511,Czech Republic,2012,Y25-54,0.16,3780,0.84
1512,Czech Republic,2013,Y25-54,0.15,3802,0.85
1513,Czech Republic,2014,Y25-54,0.16,3816,0.84
1514,Czech Republic,2015,Y25-54,0.15,3860,0.85
1515,Czech Republic,2016,Y25-54,0.15,3926,0.85
1516,Czech Republic,2017,Y25-54,0.15,3977,0.85
1517,Czech Republic,2018,Y25-54,0.14,4015,0.86
1518,Czech Republic,2019,Y25-54,0.14,4010,0.86
1519,Czech Republic,2020,Y25-54,0.15,3957,0.85
1520,Czech Republic,2021,Y25-54,0.16,3924,0.84
1521,Germany,2009,Y25-54,0.11,27728,0.89
1522,Germany,2010,Y25-54,0.11,27290,0.89
1523,Germany,2011,Y25-54,0.1,27471,0.9
1524,Germany,2012,Y25-54,0.1,27556,0.9
1525,Germany,2013,Y25-54,0.09,27521,0.91
1526,Germany,2014,Y25-54,0.09,27559,0.91
1527,Germany,2015,Y25-54,0.09,27685,0.91
1528,Germany,2016,Y25-54,0.08,28120,0.92
1529,Germany,2017,Y25-54,0.08,28050,0.92
1530,Germany,2018,Y25-54,0.08,27762,0.92
1531,Germany,2019,Y25-54,0.08,27712,0.92
1532,Germany,2020,Y25-54,0.08,26735,0.92
1533,Germany,2021,Y25-54,0.07,26913,0.9299999999999999
1534,Denmark,2009,Y25-54,0.04,1875,0.96
1535,Denmark,2010,Y25-54,0.05,1834,0.95
1536,Denmark,2011,Y25-54,0.08,1821,0.92
1537,Denmark,2012,Y25-54,0.05,1801,0.95
1538,Denmark,2013,Y25-54,0.06,1798,0.94
1539,Denmark,2014,Y25-54,0.07,1800,0.9299999999999999
1540,Denmark,2015,Y25-54,0.07,1814,0.9299999999999999
1541,Denmark,2016,Y25-54,0.09,1826,0.91
1542,Denmark,2017,Y25-54,0.07,1831,0.9299999999999999
1543,Denmark,2018,Y25-54,0.08,1857,0.92
1544,Denmark,2019,Y25-54,0.07,1865,0.9299999999999999
1545,Denmark,2020,Y25-54,0.08,1845,0.92
1546,Denmark,2021,Y25-54,0.07,1863,0.9299999999999999
1547,Estonia,2009,Y25-54,0.0,429,1.0
1548,Estonia,2010,Y25-54,0.0,421,1.0
1549,Estonia,2011,Y25-54,0.06,436,0.94
1550,Estonia,2012,Y25-54,0.05,444,0.95
1551,Estonia,2013,Y25-54,0.07,446,0.9299999999999999
1552,Estonia,2014,Y25-54,0.08,447,0.92
1553,Estonia,2015,Y25-54,0.08,455,0.92
1554,Estonia,2016,Y25-54,0.09,453,0.91
1555,Estonia,2017,Y25-54,0.07,459,0.9299999999999999
1556,Estonia,2018,Y25-54,0.08,460,0.92
1557,Estonia,2019,Y25-54,0.08,461,0.92
1558,Estonia,2020,Y25-54,0.07,454,0.9299999999999999
1559,Estonia,2021,Y25-54,0.06,453,0.94
1560,Greece,2009,Y25-54,0.26,3638,0.74
1561,Greece,2010,Y25-54,0.25,3503,0.75
1562,Greece,2011,Y25-54,0.23,3263,0.77
1563,Greece,2012,Y25-54,0.21,2986,0.79
1564,Greece,2013,Y25-54,0.2,2840,0.8
1565,Greece,2014,Y25-54,0.19,2869,0.81
1566,Greece,2015,Y25-54,0.19,2942,0.81
1567,Greece,2016,Y25-54,0.21,2965,0.79
1568,Greece,2017,Y25-54,0.22,2994,0.78
1569,Greece,2018,Y25-54,0.23,3017,0.77
1570,Greece,2019,Y25-54,0.21,3053,0.79
1571,Greece,2020,Y25-54,0.2,2874,0.8
1572,Greece,2021,Y25-54,0.2,3003,0.8
1573,Spain,2009,Y25-54,0.13,15376,0.87
1574,Spain,2010,Y25-54,0.12,15174,0.88
1575,Spain,2011,Y25-54,0.12,14955,0.88
1576,Spain,2012,Y25-54,0.09,14335,0.91
1577,Spain,2013,Y25-54,0.09,13944,0.91
1578,Spain,2014,Y25-54,0.1,14067,0.9
1579,Spain,2015,Y25-54,0.11,14320,0.89
1580,Spain,2016,Y25-54,0.11,14571,0.89
1581,Spain,2017,Y25-54,0.12,14786,0.88
1582,Spain,2018,Y25-54,0.12,15032,0.88
1583,Spain,2019,Y25-54,0.12,15214,0.88
1584,Spain,2020,Y25-54,0.12,14609,0.88
1585,Spain,2021,Y25-54,0.11,14882,0.89
1599,Finland,2009,Y25-54,0.03,1718,0.97
1600,Finland,2010,Y25-54,0.05,1691,0.95
1601,Finland,2011,Y25-54,0.06,1700,0.94
1602,Finland,2012,Y25-54,0.06,1690,0.94
1603,Finland,2013,Y25-54,0.06,1672,0.94
1604,Finland,2014,Y25-54,0.05,1661,0.95
1605,Finland,2015,Y25-54,0.05,1646,0.95
1606,Finland,2016,Y25-54,0.06,1647,0.94
1607,Finland,2017,Y25-54,0.05,1662,0.95
1608,Finland,2018,Y25-54,0.06,1699,0.94
1609,Finland,2019,Y25-54,0.06,1712,0.94
1610,Finland,2020,Y25-54,0.05,1697,0.95
1611,Finland,2021,Y25-54,0.03,1717,0.97
1612,France,2009,Y25-54,0.09,20825,0.91
1613,France,2010,Y25-54,0.08,20762,0.92
1614,France,2011,Y25-54,0.09,20627,0.91
1615,France,2012,Y25-54,0.08,20466,0.92
1616,France,2013,Y25-54,0.07,20374,0.9299999999999999
1617,France,2014,Y25-54,0.07,20301,0.9299999999999999
1618,France,2015,Y25-54,0.06,20141,0.94
1619,France,2016,Y25-54,0.07,20138,0.9299999999999999
1620,France,2017,Y25-54,0.08,20152,0.92
1621,France,2018,Y25-54,0.07,20189,0.9299999999999999
1622,France,2019,Y25-54,0.07,20155,0.9299999999999999
1623,France,2020,Y25-54,0.07,20009,0.9299999999999999
1624,France,2021,Y25-54,0.08,20087,0.92
1625,Croatia,2009,Y25-54,0.09,1353,0.91
1626,Croatia,2010,Y25-54,0.07,1303,0.9299999999999999
1627,Croatia,2011,Y25-54,0.09,1255,0.91
1628,Croatia,2012,Y25-54,0.08,1218,0.92
1629,Croatia,2013,Y25-54,0.07,1193,0.9299999999999999
1630,Croatia,2014,Y25-54,0.06,1233,0.94
1631,Croatia,2015,Y25-54,0.06,1231,0.94
1632,Croatia,2016,Y25-54,0.08,1216,0.92
1633,Croatia,2017,Y25-54,0.08,1241,0.92
1634,Croatia,2018,Y25-54,0.06,1257,0.94
1635,Croatia,2019,Y25-54,0.07,1263,0.9299999999999999
1636,Croatia,2020,Y25-54,0.08,1245,0.92
1637,Croatia,2021,Y25-54,0.08,1247,0.92
1638,Hungary,2009,Y25-54,0.05,3213,0.95
1639,Hungary,2010,Y25-54,0.05,3158,0.95
1640,Hungary,2011,Y25-54,0.07,3154,0.9299999999999999
1641,Hungary,2012,Y25-54,0.05,3192,0.95
1642,Hungary,2013,Y25-54,0.05,3225,0.95
1643,Hungary,2014,Y25-54,0.06,3339,0.94
1644,Hungary,2015,Y25-54,0.07,3390,0.9299999999999999
1645,Hungary,2016,Y25-54,0.06,3460,0.94
1646,Hungary,2017,Y25-54,0.07,3510,0.9299999999999999
1647,Hungary,2018,Y25-54,0.06,3544,0.94
1648,Hungary,2019,Y25-54,0.07,3576,0.9299999999999999
1649,Hungary,2020,Y25-54,0.08,3533,0.92
1650,Hungary,2021,Y25-54,0.07,3545,0.9299999999999999
1651,Ireland,2009,Y25-54,0.12,1451,0.88
1652,Ireland,2010,Y25-54,0.1,1414,0.9
1653,Ireland,2011,Y25-54,0.1,1399,0.9
1654,Ireland,2012,Y25-54,0.11,1403,0.89
1655,Ireland,2013,Y25-54,0.11,1435,0.89
1656,Ireland,2014,Y25-54,0.12,1469,0.88
1657,Ireland,2015,Y25-54,0.13,1504,0.87
1658,Ireland,2016,Y25-54,0.12,1536,0.88
1659,Ireland,2017,Y25-54,0.12,1586,0.88
1660,Ireland,2018,Y25-54,0.13,1614,0.87
1661,Ireland,2019,Y25-54,0.13,1646,0.87
1662,Ireland,2020,Y25-54,0.14,1600,0.86
1663,Ireland,2021,Y25-54,0.11,1662,0.89
1664,Italy,2009,Y25-54,0.25,18309,0.75
1665,Italy,2010,Y25-54,0.25,18091,0.75
1666,Italy,2011,Y25-54,0.24,18084,0.76
1667,Italy,2012,Y25-54,0.22,17804,0.78
1668,Italy,2013,Y25-54,0.2,17288,0.8
1669,Italy,2014,Y25-54,0.21,17093,0.79
1670,Italy,2015,Y25-54,0.2,17089,0.8
1671,Italy,2016,Y25-54,0.21,17131,0.79
1672,Italy,2017,Y25-54,0.21,17100,0.79
1673,Italy,2018,Y25-54,0.2,17026,0.8
1674,Italy,2019,Y25-54,0.21,16936,0.79
1675,Italy,2020,Y25-54,0.21,16262,0.79
1676,Italy,2021,Y25-54,0.2,16249,0.8
1677,Lithuania,2009,Y25-54,-0.04,1018,1.04
1678,Lithuania,2010,Y25-54,-0.05,973,1.05
1679,Lithuania,2011,Y25-54,-0.02,969,1.02
1680,Lithuania,2012,Y25-54,-0.01,972,1.01
1681,Lithuania,2013,Y25-54,0.01,971,0.99
1682,Lithuania,2014,Y25-54,0.0,971,1.0
1683,Lithuania,2015,Y25-54,0.01,965,0.99
1684,Lithuania,2016,Y25-54,0.0,960,1.0
1685,Lithuania,2017,Y25-54,-0.01,944,1.01
1686,Lithuania,2018,Y25-54,0.01,948,0.99
1687,Lithuania,2019,Y25-54,0.0,948,1.0
1688,Lithuania,2020,Y25-54,0.01,935,0.99
1689,Lithuania,2021,Y25-54,0.01,941,0.99
1690,Luxembourg,2009,Y25-54,0.2,180,0.8
1691,Luxembourg,2010,Y25-54,0.19,186,0.81
1692,Luxembourg,2011,Y25-54,0.18,189,0.8200000000000001
1693,Luxembourg,2012,Y25-54,0.16,197,0.84
1694,Luxembourg,2013,Y25-54,0.14,199,0.86
1695,Luxembourg,2014,Y25-54,0.13,205,0.87
1696,Luxembourg,2015,Y25-54,0.13,211,0.87
1697,Luxembourg,2016,Y25-54,0.12,217,0.88
1698,Luxembourg,2017,Y25-54,0.07,224,0.9299999999999999
1699,Luxembourg,2018,Y25-54,0.08,230,0.92
1700,Luxembourg,2019,Y25-54,0.09,235,0.91
1701,Luxembourg,2020,Y25-54,0.08,239,0.92
1702,Luxembourg,2021,Y25-54,0.07,245,0.9299999999999999
1703,Latvia,2009,Y25-54,-0.01,659,1.01
1704,Latvia,2010,Y25-54,-0.02,634,1.02
1705,Latvia,2011,Y25-54,0.0,641,1.0
1706,Latvia,2012,Y25-54,0.02,644,0.98
1707,Latvia,2013,Y25-54,0.04,652,0.96
1708,Latvia,2014,Y25-54,0.04,642,0.96
1709,Latvia,2015,Y25-54,0.04,642,0.96
1710,Latvia,2016,Y25-54,0.03,636,0.97
1711,Latvia,2017,Y25-54,0.04,636,0.96
1712,Latvia,2018,Y25-54,0.03,640,0.97
1713,Latvia,2019,Y25-54,0.04,635,0.96
1714,Latvia,2020,Y25-54,0.04,618,0.96
1715,Latvia,2021,Y25-54,0.05,596,0.95
1716,Malta,2009,Y25-54,0.43,116,0.5700000000000001
1717,Malta,2010,Y25-54,0.41,117,0.5900000000000001
1718,Malta,2011,Y25-54,0.39,120,0.61
1719,Malta,2012,Y25-54,0.34,126,0.6599999999999999
1720,Malta,2013,Y25-54,0.3,131,0.7
1721,Malta,2014,Y25-54,0.28,138,0.72
1722,Malta,2015,Y25-54,0.28,144,0.72
1723,Malta,2016,Y25-54,0.25,152,0.75
1724,Malta,2017,Y25-54,0.23,163,0.77
1725,Malta,2018,Y25-54,0.22,176,0.78
1726,Malta,2019,Y25-54,0.2,191,0.8
1727,Malta,2020,Y25-54,0.17,198,0.83
1728,Malta,2021,Y25-54,0.15,207,0.85
1729,Netherlands,2009,Y25-54,0.13,5878,0.87
1730,Netherlands,2010,Y25-54,0.11,5801,0.89
1731,Netherlands,2011,Y25-54,0.12,5739,0.88
1732,Netherlands,2012,Y25-54,0.11,5712,0.89
1733,Netherlands,2013,Y25-54,0.09,5617,0.91
1734,Netherlands,2014,Y25-54,0.1,5542,0.9
1735,Netherlands,2015,Y25-54,0.11,5533,0.89
1736,Netherlands,2016,Y25-54,0.1,5572,0.9
1737,Netherlands,2017,Y25-54,0.09,5611,0.91
1738,Netherlands,2018,Y25-54,0.09,5668,0.91
1739,Netherlands,2019,Y25-54,0.08,5702,0.92
1740,Netherlands,2020,Y25-54,0.07,5691,0.9299999999999999
1741,Netherlands,2021,Y25-54,0.08,5748,0.92
1742,Poland,2009,Y25-54,0.12,12281,0.88
1743,Poland,2010,Y25-54,0.1,11848,0.9
1744,Poland,2011,Y25-54,0.1,11866,0.9
1745,Poland,2012,Y25-54,0.11,11855,0.89
1746,Poland,2013,Y25-54,0.11,11769,0.89
1747,Poland,2014,Y25-54,0.11,11920,0.89
1748,Poland,2015,Y25-54,0.1,12078,0.9
1749,Poland,2016,Y25-54,0.11,12146,0.89
1750,Poland,2017,Y25-54,0.11,12298,0.89
1751,Poland,2018,Y25-54,0.11,12397,0.89
1752,Poland,2019,Y25-54,0.12,12420,0.88
1753,Poland,2020,Y25-54,0.12,12453,0.88
1754,Poland,2021,Y25-54,0.1,12767,0.9
1755,Portugal,2009,Y25-54,0.1,3515,0.9
1756,Portugal,2010,Y25-54,0.09,3487,0.91
1757,Portugal,2011,Y25-54,0.08,3470,0.92
1758,Portugal,2012,Y25-54,0.07,3327,0.9299999999999999
1759,Portugal,2013,Y25-54,0.05,3246,0.95
1760,Portugal,2014,Y25-54,0.06,3333,0.94
1761,Portugal,2015,Y25-54,0.05,3359,0.95
1762,Portugal,2016,Y25-54,0.05,3377,0.95
1763,Portugal,2017,Y25-54,0.06,3442,0.94
1764,Portugal,2018,Y25-54,0.06,3480,0.94
1765,Portugal,2019,Y25-54,0.06,3485,0.94
1766,Portugal,2020,Y25-54,0.04,3429,0.96
1767,Portugal,2021,Y25-54,0.05,3463,0.95
1768,Romania,2009,Y25-54,0.17,6073,0.83
1769,Romania,2010,Y25-54,0.17,5917,0.83
1770,Romania,2011,Y25-54,0.16,5858,0.84
1771,Romania,2012,Y25-54,0.16,5880,0.84
1772,Romania,2013,Y25-54,0.16,5863,0.84
1773,Romania,2014,Y25-54,0.16,5946,0.84
1774,Romania,2015,Y25-54,0.16,6039,0.84
1775,Romania,2016,Y25-54,0.16,6074,0.84
1776,Romania,2017,Y25-54,0.16,6211,0.84
1777,Romania,2018,Y25-54,0.17,6236,0.83
1778,Romania,2019,Y25-54,0.17,6283,0.83
1779,Romania,2020,Y25-54,0.18,6204,0.8200000000000001
1780,Romania,2021,Y25-54,0.19,6272,0.81
1781,Sweden,2009,Y25-54,0.05,3041,0.95
1782,Sweden,2010,Y25-54,0.07,3044,0.9299999999999999
1783,Sweden,2011,Y25-54,0.07,3104,0.9299999999999999
1784,Sweden,2012,Y25-54,0.05,3128,0.95
1785,Sweden,2013,Y25-54,0.06,3161,0.94
1786,Sweden,2014,Y25-54,0.06,3198,0.94
1787,Sweden,2015,Y25-54,0.06,3252,0.94
1788,Sweden,2016,Y25-54,0.05,3318,0.95
1789,Sweden,2017,Y25-54,0.05,3395,0.95
1790,Sweden,2018,Y25-54,0.05,3451,0.95
1791,Sweden,2019,Y25-54,0.06,3476,0.94
1792,Sweden,2020,Y25-54,0.06,3431,0.94
1793,Sweden,2021,Y25-54,0.07,3450,0.9299999999999999
1794,Slovenia,2009,Y25-54,0.03,774,0.97
1795,Slovenia,2010,Y25-54,0.03,759,0.97
1796,Slovenia,2011,Y25-54,0.03,747,0.97
1797,Slovenia,2012,Y25-54,0.05,744,0.95
1798,Slovenia,2013,Y25-54,0.05,727,0.95
1799,Slovenia,2014,Y25-54,0.06,726,0.94
1800,Slovenia,2015,Y25-54,0.06,728,0.94
1801,Slovenia,2016,Y25-54,0.04,726,0.96
1802,Slovenia,2017,Y25-54,0.05,743,0.95
1803,Slovenia,2018,Y25-54,0.05,748,0.95
1804,Slovenia,2019,Y25-54,0.04,755,0.96
1805,Slovenia,2020,Y25-54,0.04,749,0.96
1806,Slovenia,2021,Y25-54,0.05,738,0.95
1807,Slovakia,2009,Y25-54,0.08,1976,0.92
1808,Slovakia,2010,Y25-54,0.06,1932,0.94
1809,Slovakia,2011,Y25-54,0.07,1923,0.9299999999999999
1810,Slovakia,2012,Y25-54,0.08,1918,0.92
1811,Slovakia,2013,Y25-54,0.08,1908,0.92
1812,Slovakia,2014,Y25-54,0.08,1926,0.92
1813,Slovakia,2015,Y25-54,0.09,1959,0.91
1814,Slovakia,2016,Y25-54,0.07,2007,0.9299999999999999
1815,Slovakia,2017,Y25-54,0.07,2006,0.9299999999999999
1816,Slovakia,2018,Y25-54,0.07,2035,0.9299999999999999
1817,Slovakia,2019,Y25-54,0.07,2049,0.9299999999999999
1818,Slovakia,2020,Y25-54,0.07,2003,0.9299999999999999
1819,Slovakia,2021,Y25-54,0.08,1982,0.92
1820,Austria,2009,Y55-64,0.19,366,0.81
1821,Austria,2010,Y55-64,0.17,389,0.83
1822,Austria,2011,Y55-64,0.16,391,0.84
1823,Austria,2012,Y55-64,0.16,415,0.84
1824,Austria,2013,Y55-64,0.18,442,0.8200000000000001
1825,Austria,2014,Y55-64,0.18,465,0.8200000000000001
1826,Austria,2015,Y55-64,0.15,490,0.85
1827,Austria,2016,Y55-64,0.17,538,0.83
1828,Austria,2017,Y55-64,0.17,582,0.83
1829,Austria,2018,Y55-64,0.19,635,0.81
1830,Austria,2019,Y55-64,0.17,663,0.83
1831,Austria,2020,Y55-64,0.16,682,0.84
1832,Austria,2021,Y55-64,0.15,713,0.85
1833,Belgium,2009,Y55-64,0.15,461,0.85
1834,Belgium,2010,Y55-64,0.17,500,0.83
1835,Belgium,2011,Y55-64,0.14,526,0.86
1836,Belgium,2012,Y55-64,0.13,541,0.87
1837,Belgium,2013,Y55-64,0.12,578,0.88
1838,Belgium,2014,Y55-64,0.11,599,0.89
1839,Belgium,2015,Y55-64,0.1,628,0.9
1840,Belgium,2016,Y55-64,0.11,658,0.89
1841,Belgium,2017,Y55-64,0.11,704,0.89
1842,Belgium,2018,Y55-64,0.09,745,0.91
1843,Belgium,2019,Y55-64,0.1,783,0.9
1844,Belgium,2020,Y55-64,0.1,809,0.9
1845,Belgium,2021,Y55-64,0.09,837,0.91
1846,Bulgaria,2009,Y55-64,0.15,445,0.85
1847,Bulgaria,2010,Y55-64,0.13,469,0.87
1848,Bulgaria,2011,Y55-64,0.11,467,0.89
1849,Bulgaria,2012,Y55-64,0.09,472,0.91
1850,Bulgaria,2013,Y55-64,0.08,485,0.92
1851,Bulgaria,2014,Y55-64,0.09,504,0.91
1852,Bulgaria,2015,Y55-64,0.07,523,0.9299999999999999
1853,Bulgaria,2016,Y55-64,0.07,529,0.9299999999999999
1854,Bulgaria,2017,Y55-64,0.08,561,0.92
1855,Bulgaria,2018,Y55-64,0.09,578,0.91
1856,Bulgaria,2019,Y55-64,0.09,606,0.91
1857,Bulgaria,2020,Y55-64,0.09,597,0.91
1858,Bulgaria,2021,Y55-64,0.1,599,0.9
1859,Cyprus,2009,Y55-64,0.3,49,0.7
1860,Cyprus,2010,Y55-64,0.28,52,0.72
1861,Cyprus,2011,Y55-64,0.28,52,0.72
1862,Cyprus,2012,Y55-64,0.26,48,0.74
1863,Cyprus,2013,Y55-64,0.23,47,0.77
1864,Cyprus,2014,Y55-64,0.2,44,0.8
1865,Cyprus,2015,Y55-64,0.18,47,0.8200000000000001
1866,Cyprus,2016,Y55-64,0.17,51,0.83
1867,Cyprus,2017,Y55-64,0.19,55,0.81
1868,Cyprus,2018,Y55-64,0.18,62,0.8200000000000001
1869,Cyprus,2019,Y55-64,0.21,63,0.79
1870,Cyprus,2020,Y55-64,0.24,64,0.76
1871,Cyprus,2021,Y55-64,0.23,67,0.77
1872,Czech Republic,2009,Y55-64,0.25,692,0.75
1873,Czech Republic,2010,Y55-64,0.22,693,0.78
1874,Czech Republic,2011,Y55-64,0.22,713,0.78
1875,Czech Republic,2012,Y55-64,0.21,729,0.79
1876,Czech Republic,2013,Y55-64,0.21,750,0.79
1877,Czech Republic,2014,Y55-64,0.21,768,0.79
1878,Czech Republic,2015,Y55-64,0.2,771,0.8
1879,Czech Republic,2016,Y55-64,0.19,795,0.81
1880,Czech Republic,2017,Y55-64,0.19,826,0.81
1881,Czech Republic,2018,Y55-64,0.17,854,0.83
1882,Czech Republic,2019,Y55-64,0.16,871,0.84
1883,Czech Republic,2020,Y55-64,0.14,888,0.86
1884,Czech Republic,2021,Y55-64,0.13,900,0.87
1885,Germany,2009,Y55-64,0.15,5394,0.85
1886,Germany,2010,Y55-64,0.14,5559,0.86
1887,Germany,2011,Y55-64,0.14,5954,0.86
1888,Germany,2012,Y55-64,0.14,6283,0.86
1889,Germany,2013,Y55-64,0.12,6660,0.88
1890,Germany,2014,Y55-64,0.11,6986,0.89
1891,Germany,2015,Y55-64,0.1,7225,0.9
1892,Germany,2016,Y55-64,0.1,7673,0.9
1893,Germany,2017,Y55-64,0.1,7998,0.9
1894,Germany,2018,Y55-64,0.09,8408,0.91
1895,Germany,2019,Y55-64,0.09,8785,0.91
1896,Germany,2020,Y55-64,0.07,8907,0.9299999999999999
1897,Germany,2021,Y55-64,0.08,9211,0.92
1898,Denmark,2009,Y55-64,0.13,397,0.87
1899,Denmark,2010,Y55-64,0.1,400,0.9
1900,Denmark,2011,Y55-64,0.1,402,0.9
1901,Denmark,2012,Y55-64,0.1,405,0.9
1902,Denmark,2013,Y55-64,0.1,408,0.9
1903,Denmark,2014,Y55-64,0.11,421,0.89
1904,Denmark,2015,Y55-64,0.1,437,0.9
1905,Denmark,2016,Y55-64,0.08,460,0.92
1906,Denmark,2017,Y55-64,0.08,481,0.92
1907,Denmark,2018,Y55-64,0.09,493,0.91
1908,Denmark,2019,Y55-64,0.09,518,0.91
1909,Denmark,2020,Y55-64,0.09,529,0.91
1910,Denmark,2021,Y55-64,0.08,545,0.92
1911,Estonia,2009,Y55-64,-0.02,95,1.02
1912,Estonia,2010,Y55-64,-0.03,87,1.03
1913,Estonia,2011,Y55-64,-0.01,96,1.01
1914,Estonia,2012,Y55-64,-0.03,102,1.03
1915,Estonia,2013,Y55-64,-0.03,107,1.03
1916,Estonia,2014,Y55-64,0.02,109,0.98
1917,Estonia,2015,Y55-64,-0.02,109,1.02
1918,Estonia,2016,Y55-64,-0.02,111,1.02
1919,Estonia,2017,Y55-64,-0.03,116,1.03
1920,Estonia,2018,Y55-64,-0.05,118,1.05
1921,Estonia,2019,Y55-64,-0.05,124,1.05
1922,Estonia,2020,Y55-64,-0.06,123,1.06
1923,Estonia,2021,Y55-64,-0.03,122,1.03
1924,Greece,2009,Y55-64,0.3,546,0.7
1925,Greece,2010,Y55-64,0.28,549,0.72
1926,Greece,2011,Y55-64,0.25,515,0.75
1927,Greece,2012,Y55-64,0.22,476,0.78
1928,Greece,2013,Y55-64,0.2,467,0.8
1929,Greece,2014,Y55-64,0.19,452,0.81
1930,Greece,2015,Y55-64,0.21,461,0.79
1931,Greece,2016,Y55-64,0.19,490,0.81
1932,Greece,2017,Y55-64,0.22,521,0.78
1933,Greece,2018,Y55-64,0.23,563,0.77
1934,Greece,2019,Y55-64,0.25,597,0.75
1935,Greece,2020,Y55-64,0.23,596,0.77
1936,Greece,2021,Y55-64,0.24,681,0.76
1937,Spain,2009,Y55-64,0.24,2185,0.76
1938,Spain,2010,Y55-64,0.22,2190,0.78
1939,Spain,2011,Y55-64,0.18,2274,0.8200000000000001
1940,Spain,2012,Y55-64,0.16,2289,0.84
1941,Spain,2013,Y55-64,0.14,2295,0.86
1942,Spain,2014,Y55-64,0.13,2395,0.87
1943,Spain,2015,Y55-64,0.14,2595,0.86
1944,Spain,2016,Y55-64,0.13,2791,0.87
1945,Spain,2017,Y55-64,0.14,2942,0.86
1946,Spain,2018,Y55-64,0.15,3115,0.85
1947,Spain,2019,Y55-64,0.14,3315,0.86
1948,Spain,2020,Y55-64,0.14,3465,0.86
1949,Spain,2021,Y55-64,0.13,3616,0.87
1963,Finland,2009,Y55-64,-0.02,426,1.02
1964,Finland,2010,Y55-64,-0.01,438,1.01
1965,Finland,2011,Y55-64,0.0,439,1.0
1966,Finland,2012,Y55-64,-0.03,444,1.03
1967,Finland,2013,Y55-64,-0.04,441,1.04
1968,Finland,2014,Y55-64,-0.05,439,1.05
1969,Finland,2015,Y55-64,-0.05,439,1.05
1970,Finland,2016,Y55-64,-0.03,448,1.03
1971,Finland,2017,Y55-64,-0.01,454,1.01
1972,Finland,2018,Y55-64,-0.02,472,1.02
1973,Finland,2019,Y55-64,-0.04,481,1.04
1974,Finland,2020,Y55-64,-0.01,485,1.01
1975,Finland,2021,Y55-64,-0.01,494,1.01
1976,France,2009,Y55-64,0.04,3164,0.96
1977,France,2010,Y55-64,0.04,3314,0.96
1978,France,2011,Y55-64,0.04,3493,0.96
1979,France,2012,Y55-64,0.04,3755,0.96
1980,France,2013,Y55-64,0.04,3843,0.96
1981,France,2014,Y55-64,0.02,3955,0.98
1982,France,2015,Y55-64,0.02,4109,0.98
1983,France,2016,Y55-64,0.02,4205,0.98
1984,France,2017,Y55-64,0.01,4337,0.99
1985,France,2018,Y55-64,0.02,4439,0.98
1986,France,2019,Y55-64,0.03,4544,0.97
1987,France,2020,Y55-64,0.03,4631,0.97
1988,France,2021,Y55-64,0.04,4722,0.96
1989,Croatia,2009,Y55-64,0.2,215,0.8
1990,Croatia,2010,Y55-64,0.22,223,0.78
1991,Croatia,2011,Y55-64,0.22,225,0.78
1992,Croatia,2012,Y55-64,0.2,223,0.8
1993,Croatia,2013,Y55-64,0.14,226,0.86
1994,Croatia,2014,Y55-64,0.19,219,0.81
1995,Croatia,2015,Y55-64,0.17,236,0.83
1996,Croatia,2016,Y55-64,0.13,229,0.87
1997,Croatia,2017,Y55-64,0.17,242,0.83
1998,Croatia,2018,Y55-64,0.16,257,0.84
1999,Croatia,2019,Y55-64,0.17,263,0.83
2000,Croatia,2020,Y55-64,0.15,272,0.85
2001,Croatia,2021,Y55-64,0.12,291,0.88
2002,Hungary,2009,Y55-64,0.13,425,0.87
2003,Hungary,2010,Y55-64,0.1,460,0.9
2004,Hungary,2011,Y55-64,0.07,496,0.9299999999999999
2005,Hungary,2012,Y55-64,0.09,513,0.91
2006,Hungary,2013,Y55-64,0.13,536,0.87
2007,Hungary,2014,Y55-64,0.15,583,0.85
2008,Hungary,2015,Y55-64,0.16,624,0.84
2009,Hungary,2016,Y55-64,0.18,673,0.8200000000000001
2010,Hungary,2017,Y55-64,0.21,681,0.79
2011,Hungary,2018,Y55-64,0.21,696,0.79
2012,Hungary,2019,Y55-64,0.23,699,0.77
2013,Hungary,2020,Y55-64,0.23,707,0.77
2014,Hungary,2021,Y55-64,0.21,721,0.79
2015,Ireland,2009,Y55-64,0.19,228,0.81
2016,Ireland,2010,Y55-64,0.16,228,0.84
2017,Ireland,2011,Y55-64,0.14,231,0.86
2018,Ireland,2012,Y55-64,0.12,231,0.88
2019,Ireland,2013,Y55-64,0.15,243,0.85
2020,Ireland,2014,Y55-64,0.17,254,0.83
2021,Ireland,2015,Y55-64,0.19,273,0.81
2022,Ireland,2016,Y55-64,0.17,287,0.83
2023,Ireland,2017,Y55-64,0.16,302,0.84
2024,Ireland,2018,Y55-64,0.16,318,0.84
2025,Ireland,2019,Y55-64,0.16,334,0.84
2026,Ireland,2020,Y55-64,0.16,336,0.84
2027,Ireland,2021,Y55-64,0.13,354,0.87
2028,Italy,2009,Y55-64,0.21,2561,0.79
2029,Italy,2010,Y55-64,0.21,2669,0.79
2030,Italy,2011,Y55-64,0.2,2813,0.8
2031,Italy,2012,Y55-64,0.19,2992,0.81
2032,Italy,2013,Y55-64,0.19,3172,0.81
2033,Italy,2014,Y55-64,0.2,3451,0.8
2034,Italy,2015,Y55-64,0.21,3632,0.79
2035,Italy,2016,Y55-64,0.21,3842,0.79
2036,Italy,2017,Y55-64,0.2,4070,0.8
2037,Italy,2018,Y55-64,0.2,4282,0.8
2038,Italy,2019,Y55-64,0.2,4433,0.8
2039,Italy,2020,Y55-64,0.19,4492,0.81
2040,Italy,2021,Y55-64,0.19,4588,0.81
2041,Lithuania,2009,Y55-64,0.08,174,0.92
2042,Lithuania,2010,Y55-64,0.06,167,0.94
2043,Lithuania,2011,Y55-64,0.07,176,0.9299999999999999
2044,Lithuania,2012,Y55-64,0.08,184,0.92
2045,Lithuania,2013,Y55-64,0.05,196,0.95
2046,Lithuania,2014,Y55-64,0.05,211,0.95
2047,Lithuania,2015,Y55-64,0.03,231,0.97
2048,Lithuania,2016,Y55-64,0.04,253,0.96
2049,Lithuania,2017,Y55-64,0.02,264,0.98
2050,Lithuania,2018,Y55-64,0.03,278,0.97
2051,Lithuania,2019,Y55-64,0.01,282,0.99
2052,Lithuania,2020,Y55-64,0.01,280,0.99
2053,Lithuania,2021,Y55-64,0.0,283,1.0
2054,Luxembourg,2009,Y55-64,0.17,19,0.83
2055,Luxembourg,2010,Y55-64,0.17,21,0.83
2056,Luxembourg,2011,Y55-64,0.16,22,0.84
2057,Luxembourg,2012,Y55-64,0.13,23,0.87
2058,Luxembourg,2013,Y55-64,0.16,23,0.84
2059,Luxembourg,2014,Y55-64,0.15,25,0.85
2060,Luxembourg,2015,Y55-64,0.09,25,0.91
2061,Luxembourg,2016,Y55-64,0.14,26,0.86
2062,Luxembourg,2017,Y55-64,0.11,27,0.89
2063,Luxembourg,2018,Y55-64,0.11,29,0.89
2064,Luxembourg,2019,Y55-64,0.12,32,0.88
2065,Luxembourg,2020,Y55-64,0.06,34,0.94
2066,Luxembourg,2021,Y55-64,0.1,37,0.9
2067,Latvia,2009,Y55-64,-0.02,126,1.02
2068,Latvia,2010,Y55-64,-0.01,116,1.01
2069,Latvia,2011,Y55-64,0.01,125,0.99
2070,Latvia,2012,Y55-64,0.01,133,0.99
2071,Latvia,2013,Y55-64,0.01,141,0.99
2072,Latvia,2014,Y55-64,0.0,146,1.0
2073,Latvia,2015,Y55-64,0.01,156,0.99
2074,Latvia,2016,Y55-64,0.0,162,1.0
2075,Latvia,2017,Y55-64,0.0,165,1.0
2076,Latvia,2018,Y55-64,0.01,175,0.99
2077,Latvia,2019,Y55-64,0.01,180,0.99
2078,Latvia,2020,Y55-64,0.01,182,0.99
2079,Latvia,2021,Y55-64,0.01,178,0.99
2080,Malta,2009,Y55-64,0.34,17,0.6599999999999999
2081,Malta,2010,Y55-64,0.36,19,0.64
2082,Malta,2011,Y55-64,0.37,20,0.63
2083,Malta,2012,Y55-64,0.35,21,0.65
2084,Malta,2013,Y55-64,0.36,22,0.64
2085,Malta,2014,Y55-64,0.35,23,0.65
2086,Malta,2015,Y55-64,0.35,25,0.65
2087,Malta,2016,Y55-64,0.34,28,0.6599999999999999
2088,Malta,2017,Y55-64,0.34,29,0.6599999999999999
2089,Malta,2018,Y55-64,0.34,31,0.6599999999999999
2090,Malta,2019,Y55-64,0.31,31,0.69
2091,Malta,2020,Y55-64,0.29,32,0.71
2092,Malta,2021,Y55-64,0.28,31,0.72
2093,Netherlands,2009,Y55-64,0.23,1094,0.77
2094,Netherlands,2010,Y55-64,0.22,1134,0.78
2095,Netherlands,2011,Y55-64,0.2,1189,0.8
2096,Netherlands,2012,Y55-64,0.19,1235,0.81
2097,Netherlands,2013,Y55-64,0.2,1270,0.8
2098,Netherlands,2014,Y55-64,0.2,1292,0.8
2099,Netherlands,2015,Y55-64,0.2,1346,0.8
2100,Netherlands,2016,Y55-64,0.2,1404,0.8
2101,Netherlands,2017,Y55-64,0.19,1473,0.81
2102,Netherlands,2018,Y55-64,0.19,1540,0.81
2103,Netherlands,2019,Y55-64,0.19,1614,0.81
2104,Netherlands,2020,Y55-64,0.18,1670,0.8200000000000001
2105,Netherlands,2021,Y55-64,0.15,1707,0.85
2106,Poland,2009,Y55-64,0.21,1409,0.79
2107,Poland,2010,Y55-64,0.2,1574,0.8
2108,Poland,2011,Y55-64,0.2,1783,0.8
2109,Poland,2012,Y55-64,0.19,1924,0.81
2110,Poland,2013,Y55-64,0.2,2072,0.8
2111,Poland,2014,Y55-64,0.2,2208,0.8
2112,Poland,2015,Y55-64,0.18,2324,0.8200000000000001
2113,Poland,2016,Y55-64,0.18,2375,0.8200000000000001
2114,Poland,2017,Y55-64,0.19,2450,0.81
2115,Poland,2018,Y55-64,0.2,2428,0.8
2116,Poland,2019,Y55-64,0.21,2395,0.79
2117,Poland,2020,Y55-64,0.22,2428,0.78
2118,Poland,2021,Y55-64,0.24,2541,0.76
2119,Portugal,2009,Y55-64,0.17,546,0.83
2120,Portugal,2010,Y55-64,0.13,551,0.87
2121,Portugal,2011,Y55-64,0.11,541,0.89
2122,Portugal,2012,Y55-64,0.08,528,0.92
2123,Portugal,2013,Y55-64,0.11,550,0.89
2124,Portugal,2014,Y55-64,0.11,580,0.89
2125,Portugal,2015,Y55-64,0.1,623,0.9
2126,Portugal,2016,Y55-64,0.1,664,0.9
2127,Portugal,2017,Y55-64,0.12,736,0.88
2128,Portugal,2018,Y55-64,0.09,796,0.91
2129,Portugal,2019,Y55-64,0.1,823,0.9
2130,Portugal,2020,Y55-64,0.08,840,0.92
2131,Portugal,2021,Y55-64,0.1,910,0.9
2132,Romania,2009,Y55-64,0.22,805,0.78
2133,Romania,2010,Y55-64,0.19,789,0.81
2134,Romania,2011,Y55-64,0.18,792,0.8200000000000001
2135,Romania,2012,Y55-64,0.2,839,0.8
2136,Romania,2013,Y55-64,0.2,869,0.8
2137,Romania,2014,Y55-64,0.21,911,0.79
2138,Romania,2015,Y55-64,0.2,886,0.8
2139,Romania,2016,Y55-64,0.2,937,0.8
2140,Romania,2017,Y55-64,0.21,957,0.79
2141,Romania,2018,Y55-64,0.22,969,0.78
2142,Romania,2019,Y55-64,0.24,985,0.76
2143,Romania,2020,Y55-64,0.22,970,0.78
2144,Romania,2021,Y55-64,0.22,968,0.78
2145,Sweden,2009,Y55-64,0.06,827,0.94
2146,Sweden,2010,Y55-64,0.06,823,0.94
2147,Sweden,2011,Y55-64,0.06,831,0.94
2148,Sweden,2012,Y55-64,0.07,832,0.9299999999999999
2149,Sweden,2013,Y55-64,0.06,831,0.94
2150,Sweden,2014,Y55-64,0.05,830,0.95
2151,Sweden,2015,Y55-64,0.04,832,0.96
2152,Sweden,2016,Y55-64,0.04,844,0.96
2153,Sweden,2017,Y55-64,0.04,861,0.96
2154,Sweden,2018,Y55-64,0.05,887,0.95
2155,Sweden,2019,Y55-64,0.04,898,0.96
2156,Sweden,2020,Y55-64,0.04,915,0.96
2157,Sweden,2021,Y55-64,0.03,935,0.97
2158,Slovenia,2009,Y55-64,0.21,88,0.79
2159,Slovenia,2010,Y55-64,0.21,92,0.79
2160,Slovenia,2011,Y55-64,0.16,87,0.84
2161,Slovenia,2012,Y55-64,0.15,95,0.85
2162,Slovenia,2013,Y55-64,0.16,97,0.84
2163,Slovenia,2014,Y55-64,0.12,104,0.88
2164,Slovenia,2015,Y55-64,0.12,107,0.88
2165,Slovenia,2016,Y55-64,0.1,112,0.9
2166,Slovenia,2017,Y55-64,0.11,125,0.89
2167,Slovenia,2018,Y55-64,0.1,138,0.9
2168,Slovenia,2019,Y55-64,0.09,142,0.91
2169,Slovenia,2020,Y55-64,0.08,152,0.92
2170,Slovenia,2021,Y55-64,0.09,156,0.91
2171,Slovakia,2009,Y55-64,0.27,255,0.73
2172,Slovakia,2010,Y55-64,0.23,272,0.77
2173,Slovakia,2011,Y55-64,0.18,291,0.8200000000000001
2174,Slovakia,2012,Y55-64,0.17,314,0.83
2175,Slovakia,2013,Y55-64,0.15,328,0.85
2176,Slovakia,2014,Y55-64,0.13,337,0.87
2177,Slovakia,2015,Y55-64,0.09,356,0.91
2178,Slovakia,2016,Y55-64,0.08,372,0.92
2179,Slovakia,2017,Y55-64,0.03,401,0.97
2180,Slovakia,2018,Y55-64,0.04,406,0.96
2181,Slovakia,2019,Y55-64,0.02,425,0.98
2182,Slovakia,2020,Y55-64,0.02,432,0.98
2183,Slovakia,2021,Y55-64,0.07,427,0.9299999999999999
