Country,Year,Sector,percent
Austria,2013,OC0,0.0
Austria,2013,OC1,0.24699176694110195
Austria,2013,OC2,0.41255246851888866
Austria,2013,OC3,0.3758120939530235
Austria,2013,OC4,0.6203912716328066
Austria,2013,OC5,0.5339204951202094
Austria,2013,OC6,0.3777239709443099
Austria,2013,OC7,0.06935638808837656
Austria,2013,OC8,0.1041860465116279
Austria,2013,OC9,0.41160372194854955
Austria,2013,TOTAL,0.34741549037274333
Austria,2014,OC0,0.0
Austria,2014,OC1,0.26016713091922006
Austria,2014,OC2,0.43001261034047916
Austria,2014,OC3,0.36676747311827956
Austria,2014,OC4,0.5964710395090143
Austria,2014,OC5,0.5441428222059184
Austria,2014,OC6,0.37755102040816324
Austria,2014,OC7,0.06891701828410689
Austria,2014,OC8,0.111810261374637
Austria,2014,OC9,0.3869115958668198
Austria,2014,TOTAL,0.3475921258769839
Austria,2015,OC0,0.0
Austria,2015,OC1,0.25578769057029926
Austria,2015,OC2,0.4132145816072908
Austria,2015,OC3,0.3624519792884583
Austria,2015,OC4,0.6226120857699805
Austria,2015,OC5,0.553494623655914
Austria,2015,OC6,0.38735818476499184
Austria,2015,OC7,0.06900495615707206
Austria,2015,OC8,0.1055396370582617
Austria,2015,OC9,0.4014764338444066
Austria,2015,TOTAL,0.3427274898495343
Austria,2016,OC0,0.0
Austria,2016,OC1,0.2859608745684695
Austria,2016,OC2,0.4217008797653959
Austria,2016,OC3,0.3541666666666667
Austria,2016,OC4,0.6273148148148148
Austria,2016,OC5,0.5409392672731743
Austria,2016,OC6,0.34404865334491747
Austria,2016,OC7,0.06594259115593483
Austria,2016,OC8,0.09976133651551312
Austria,2016,OC9,0.42099385817978785
Austria,2016,TOTAL,0.3455837971967004
Austria,2017,OC0,0.0
Austria,2017,OC1,0.2764227642276423
Austria,2017,OC2,0.4279043705640643
Austria,2017,OC3,0.3560542622676268
Austria,2017,OC4,0.6042908224076281
Austria,2017,OC5,0.528041825095057
Austria,2017,OC6,0.35256410256410253
Austria,2017,OC7,0.06287716566089156
Austria,2017,OC8,0.11532774765894528
Austria,2017,OC9,0.39095315024232635
Austria,2017,TOTAL,0.3433867003255165
Austria,2018,OC0,0.0
Austria,2018,OC1,0.2741398446170921
Austria,2018,OC2,0.457686529794692
Austria,2018,OC3,0.30455341506129596
Austria,2018,OC4,0.6051675413807025
Austria,2018,OC5,0.5311551925320886
Austria,2018,OC6,0.36583184257602863
Austria,2018,OC7,0.05985915492957747
Austria,2018,OC8,0.11610830656264341
Austria,2018,OC9,0.38767395626242546
Austria,2018,TOTAL,0.34077414749683654
Austria,2019,OC0,0.0
Austria,2019,OC1,0.2825136612021858
Austria,2019,OC2,0.4551407989521939
Austria,2019,OC3,0.318084345961401
Austria,2019,OC4,0.6032403918613414
Austria,2019,OC5,0.5204250295159386
Austria,2019,OC6,0.33965672990063234
Austria,2019,OC7,0.07926489697419714
Austria,2019,OC8,0.10098743267504488
Austria,2019,OC9,0.37626397019691327
Austria,2019,TOTAL,0.3411031914210493
Austria,2020,OC0,0.0
Austria,2020,OC1,0.28443271767810024
Austria,2020,OC2,0.45853177861717853
Austria,2020,OC3,0.3436783636043026
Austria,2020,OC4,0.6018860188601887
Austria,2020,OC5,0.5240872210953347
Austria,2020,OC6,0.35936113575865125
Austria,2020,OC7,0.06155679110405083
Austria,2020,OC8,0.08147429679922406
Austria,2020,OC9,0.3925485961123111
Austria,2020,TOTAL,0.3451380154895082
Belgium,2013,OC0,0.0
Belgium,2013,OC1,0.2789712556732224
Belgium,2013,OC2,0.45142487046632124
Belgium,2013,OC3,0.36430414929521543
Belgium,2013,OC4,0.5365792129162462
Belgium,2013,OC5,0.5535033714453239
Belgium,2013,OC6,0.0
Belgium,2013,OC7,0.042759177087535294
Belgium,2013,OC8,0.1251400821815465
Belgium,2013,OC9,0.44157441574415746
Belgium,2013,TOTAL,0.347328022329476
Belgium,2014,OC0,0.0
Belgium,2014,OC1,0.29717484008528783
Belgium,2014,OC2,0.46468268196486195
Belgium,2014,OC3,0.35361810025355955
Belgium,2014,OC4,0.5387179487179488
Belgium,2014,OC5,0.5841874084919473
Belgium,2014,OC6,0.0
Belgium,2014,OC7,0.04164727780362959
Belgium,2014,OC8,0.10699432892249527
Belgium,2014,OC9,0.45883400089007564
Belgium,2014,TOTAL,0.3613944592558247
Belgium,2015,OC0,0.0
Belgium,2015,OC1,0.32507552870090634
Belgium,2015,OC2,0.4784414315378038
Belgium,2015,OC3,0.39991598403696704
Belgium,2015,OC4,0.5475850242926551
Belgium,2015,OC5,0.5423680456490727
Belgium,2015,OC6,0.14775160599571735
Belgium,2015,OC7,0.039173482565647864
Belgium,2015,OC8,0.11188299817184644
Belgium,2015,OC9,0.40099009900990096
Belgium,2015,TOTAL,0.3627833546811236
Belgium,2016,OC0,0.0
Belgium,2016,OC1,0.2716948165404776
Belgium,2016,OC2,0.5037934410181106
Belgium,2016,OC3,0.37087623450304685
Belgium,2016,OC4,0.47771836007130125
Belgium,2016,OC5,0.5621805792163543
Belgium,2016,OC6,0.11066398390342051
Belgium,2016,OC7,0.046133853151397015
Belgium,2016,OC8,0.1068941504178273
Belgium,2016,OC9,0.36789713811696395
Belgium,2016,TOTAL,0.3498395501516178
Belgium,2017,OC0,0.0
Belgium,2017,OC1,0.28506650544135426
Belgium,2017,OC2,0.4694416914436736
Belgium,2017,OC3,0.3719655442443226
Belgium,2017,OC4,0.5077182149873702
Belgium,2017,OC5,0.5450151057401813
Belgium,2017,OC6,0.18080357142857142
Belgium,2017,OC7,0.05506709856547895
Belgium,2017,OC8,0.10211267605633803
Belgium,2017,OC9,0.37735849056603776
Belgium,2017,TOTAL,0.3554531580183142
Belgium,2018,OC0,0.0
Belgium,2018,OC1,0.2932577565632458
Belgium,2018,OC2,0.46517711171662124
Belgium,2018,OC3,0.39777468706536856
Belgium,2018,OC4,0.5152612519399896
Belgium,2018,OC5,0.5207463102199944
Belgium,2018,OC6,0.16595744680851063
Belgium,2018,OC7,0.043358568479008944
Belgium,2018,OC8,0.11598513011152416
Belgium,2018,OC9,0.412897447380206
Belgium,2018,TOTAL,0.3603140613847252
Belgium,2019,OC0,0.0
Belgium,2019,OC1,0.2934164183148198
Belgium,2019,OC2,0.47728680569894694
Belgium,2019,OC3,0.40084958486194244
Belgium,2019,OC4,0.5241626182562005
Belgium,2019,OC5,0.548471615720524
Belgium,2019,OC6,0.18467583497053047
Belgium,2019,OC7,0.038118591172536784
Belgium,2019,OC8,0.12551058299294465
Belgium,2019,OC9,0.38642297650130547
Belgium,2019,TOTAL,0.3665076812156841
Belgium,2020,OC0,0.0
Belgium,2020,OC1,0.3188289014235831
Belgium,2020,OC2,0.4776149167414498
Belgium,2020,OC3,0.42130518234165065
Belgium,2020,OC4,0.5254237288135594
Belgium,2020,OC5,0.5588957055214724
Belgium,2020,OC6,0.1592356687898089
Belgium,2020,OC7,0.04227680680207841
Belgium,2020,OC8,0.11089718906430497
Belgium,2020,OC9,0.37844143723751744
Belgium,2020,TOTAL,0.37485669546738243
Bulgaria,2013,OC0,0.0
Bulgaria,2013,OC1,0.3877784123358082
Bulgaria,2013,OC2,0.6891488873594861
Bulgaria,2013,OC3,0.4830957230142566
Bulgaria,2013,OC4,0.7382978723404255
Bulgaria,2013,OC5,0.6005444028581151
Bulgaria,2013,OC6,0.39673913043478254
Bulgaria,2013,OC7,0.25385218072603816
Bulgaria,2013,OC8,0.25967281225655675
Bulgaria,2013,OC9,0.40208333333333335
Bulgaria,2013,TOTAL,0.4743821579264617
Bulgaria,2014,OC0,0.0
Bulgaria,2014,OC1,0.38030660377358494
Bulgaria,2014,OC2,0.6591845140032949
Bulgaria,2014,OC3,0.47953869047619047
Bulgaria,2014,OC4,0.727035490605428
Bulgaria,2014,OC5,0.6009590683336188
Bulgaria,2014,OC6,0.375
Bulgaria,2014,OC7,0.26094003241491087
Bulgaria,2014,OC8,0.2557367984517556
Bulgaria,2014,OC9,0.38490959666203056
Bulgaria,2014,TOTAL,0.4716875481206691
Bulgaria,2015,OC0,0.0
Bulgaria,2015,OC1,0.3687214611872146
Bulgaria,2015,OC2,0.6676829268292683
Bulgaria,2015,OC3,0.4960516870064608
Bulgaria,2015,OC4,0.7018954623779438
Bulgaria,2015,OC5,0.5951834862385321
Bulgaria,2015,OC6,0.34985968194574363
Bulgaria,2015,OC7,0.26687847498014294
Bulgaria,2015,OC8,0.2570490008212428
Bulgaria,2015,OC9,0.3771468629512793
Bulgaria,2015,TOTAL,0.4704335490121449
Bulgaria,2016,OC0,0.0
Bulgaria,2016,OC1,0.3777526821005082
Bulgaria,2016,OC2,0.6686954757557315
Bulgaria,2016,OC3,0.47335907335907335
Bulgaria,2016,OC4,0.7203682393555811
Bulgaria,2016,OC5,0.6069419893941829
Bulgaria,2016,OC6,0.357847533632287
Bulgaria,2016,OC7,0.24980422866092403
Bulgaria,2016,OC8,0.2582021872499333
Bulgaria,2016,OC9,0.37068670994192005
Bulgaria,2016,TOTAL,0.46947050132288765
Bulgaria,2017,OC0,0.0
Bulgaria,2017,OC1,0.3857302118171683
Bulgaria,2017,OC2,0.6687293729372937
Bulgaria,2017,OC3,0.45052264808362374
Bulgaria,2017,OC4,0.7259640102827762
Bulgaria,2017,OC5,0.6126519164848863
Bulgaria,2017,OC6,0.33684210526315794
Bulgaria,2017,OC7,0.2525303643724696
Bulgaria,2017,OC8,0.2535562765160968
Bulgaria,2017,OC9,0.37668593448940274
Bulgaria,2017,TOTAL,0.4684240156306918
Bulgaria,2018,OC0,0.0
Bulgaria,2018,OC1,0.36742857142857144
Bulgaria,2018,OC2,0.6411764705882353
Bulgaria,2018,OC3,0.46743801652892564
Bulgaria,2018,OC4,0.7248704663212435
Bulgaria,2018,OC5,0.6332229058211074
Bulgaria,2018,OC6,0.34539473684210525
Bulgaria,2018,OC7,0.2562232838823234
Bulgaria,2018,OC8,0.2409669211195929
Bulgaria,2018,OC9,0.3732372297085553
Bulgaria,2018,TOTAL,0.4682689442844374
Bulgaria,2019,OC0,0.0
Bulgaria,2019,OC1,0.36977886977886976
Bulgaria,2019,OC2,0.6447241045498547
Bulgaria,2019,OC3,0.4780585106382979
Bulgaria,2019,OC4,0.6988922457200404
Bulgaria,2019,OC5,0.6332723391277829
Bulgaria,2019,OC6,0.3417190775681342
Bulgaria,2019,OC7,0.2599554786049963
Bulgaria,2019,OC8,0.23508504696623508
Bulgaria,2019,OC9,0.36784268363215733
Bulgaria,2019,TOTAL,0.46899625371399045
Bulgaria,2020,OC0,0.0
Bulgaria,2020,OC1,0.424188790560472
Bulgaria,2020,OC2,0.6301818181818182
Bulgaria,2020,OC3,0.49450171821305844
Bulgaria,2020,OC4,0.6984953703703703
Bulgaria,2020,OC5,0.6245379334624186
Bulgaria,2020,OC6,0.3125
Bulgaria,2020,OC7,0.2785279322213397
Bulgaria,2020,OC8,0.22868217054263565
Bulgaria,2020,OC9,0.3338033133591823
Bulgaria,2020,TOTAL,0.4663232010990898
Croatia,2013,OC0,0.0
Croatia,2013,OC1,0.26227208976157085
Croatia,2013,OC2,0.6405857740585774
Croatia,2013,OC3,0.4391582799634035
Croatia,2013,OC4,0.6761963952765693
Croatia,2013,OC5,0.6063750926612305
Croatia,2013,OC6,0.35994397759103636
Croatia,2013,OC7,0.08111702127659574
Croatia,2013,OC8,0.24352694191742474
Croatia,2013,OC9,0.5422612513721186
Croatia,2013,TOTAL,0.4648648648648649
Croatia,2014,OC0,0.0
Croatia,2014,OC1,0.1933139534883721
Croatia,2014,OC2,0.6123244929797192
Croatia,2014,OC3,0.4585561497326203
Croatia,2014,OC4,0.6898395721925135
Croatia,2014,OC5,0.5966192854398771
Croatia,2014,OC6,0.35172413793103446
Croatia,2014,OC7,0.08421052631578947
Croatia,2014,OC8,0.24
Croatia,2014,OC9,0.5475409836065573
Croatia,2014,TOTAL,0.44744230637540233
Croatia,2015,OC0,0.0
Croatia,2015,OC1,0.27698863636363635
Croatia,2015,OC2,0.6392572944297082
Croatia,2015,OC3,0.4565022421524664
Croatia,2015,OC4,0.6577134986225895
Croatia,2015,OC5,0.6390444195595372
Croatia,2015,OC6,0.3159851301115242
Croatia,2015,OC7,0.07756813417190776
Croatia,2015,OC8,0.24700914848698102
Croatia,2015,OC9,0.5172043010752688
Croatia,2015,TOTAL,0.45871059976853423
Croatia,2016,OC0,0.0
Croatia,2016,OC1,0.27710843373493976
Croatia,2016,OC2,0.6371000405022277
Croatia,2016,OC3,0.46417305092383954
Croatia,2016,OC4,0.6900853578463558
Croatia,2016,OC5,0.624512929507616
Croatia,2016,OC6,0.26495726495726496
Croatia,2016,OC7,0.08386778490379872
Croatia,2016,OC8,0.2614162806088683
Croatia,2016,OC9,0.48443983402489627
Croatia,2016,TOTAL,0.4568200161420501
Croatia,2017,OC0,0.0
Croatia,2017,OC1,0.29261744966442954
Croatia,2017,OC2,0.6353961371698856
Croatia,2017,OC3,0.4368421052631579
Croatia,2017,OC4,0.6811594202898551
Croatia,2017,OC5,0.605198454513523
Croatia,2017,OC6,0.3170212765957447
Croatia,2017,OC7,0.07912904938927244
Croatia,2017,OC8,0.21549636803874095
Croatia,2017,OC9,0.4991103202846975
Croatia,2017,TOTAL,0.44980544747081713
Croatia,2018,OC0,0.0
Croatia,2018,OC1,0.27648578811369506
Croatia,2018,OC2,0.6083305340947263
Croatia,2018,OC3,0.4652605459057072
Croatia,2018,OC4,0.6544021024967148
Croatia,2018,OC5,0.6013418079096046
Croatia,2018,OC6,0.3697916666666667
Croatia,2018,OC7,0.043046357615894044
Croatia,2018,OC8,0.26666666666666666
Croatia,2018,OC9,0.5157807308970099
Croatia,2018,TOTAL,0.4565494393476045
Croatia,2019,OC0,0.0
Croatia,2019,OC1,0.24417177914110427
Croatia,2019,OC2,0.5708955223880597
Croatia,2019,OC3,0.4572382144347101
Croatia,2019,OC4,0.6504615384615384
Croatia,2019,OC5,0.629204590423427
Croatia,2019,OC6,0.3275862068965517
Croatia,2019,OC7,0.04133118625872249
Croatia,2019,OC8,0.2697283311772316
Croatia,2019,OC9,0.47899778924097275
Croatia,2019,TOTAL,0.442549658299802
Croatia,2020,OC0,0.0
Croatia,2020,OC1,0.28901734104046245
Croatia,2020,OC2,0.5991233985165205
Croatia,2020,OC3,0.4689387402933563
Croatia,2020,OC4,0.6194462330972311
Croatia,2020,OC5,0.6791990192071925
Croatia,2020,OC6,0.28966789667896675
Croatia,2020,OC7,0.06121372031662269
Croatia,2020,OC8,0.24724061810154527
Croatia,2020,OC9,0.4691470054446461
Croatia,2020,TOTAL,0.4476640285933112
Cyprus,2013,OC0,0.0
Cyprus,2013,OC1,0.20454545454545456
Cyprus,2013,OC2,0.5196581196581196
Cyprus,2013,OC3,0.43805309734513276
Cyprus,2013,OC4,0.7514450867052023
Cyprus,2013,OC5,0.5114235500878735
Cyprus,2013,OC6,0.0
Cyprus,2013,OC7,0.051204819277108425
Cyprus,2013,OC8,0.07051282051282053
Cyprus,2013,OC9,0.6976284584980237
Cyprus,2013,TOTAL,0.46586217846935535
Cyprus,2014,OC0,0.13953488372093023
Cyprus,2014,OC1,0.18181818181818182
Cyprus,2014,OC2,0.5457627118644068
Cyprus,2014,OC3,0.4902912621359223
Cyprus,2014,OC4,0.7261904761904762
Cyprus,2014,OC5,0.5478424015009381
Cyprus,2014,OC6,0.19999999999999998
Cyprus,2014,OC7,0.055045871559633024
Cyprus,2014,OC8,0.06557377049180328
Cyprus,2014,OC9,0.6542239685658153
Cyprus,2014,TOTAL,0.47650130548302877
Cyprus,2015,OC0,0.0
Cyprus,2015,OC1,0.2661290322580645
Cyprus,2015,OC2,0.5515463917525774
Cyprus,2015,OC3,0.4403669724770642
Cyprus,2015,OC4,0.7499999999999999
Cyprus,2015,OC5,0.5692883895131086
Cyprus,2015,OC6,0.14545454545454548
Cyprus,2015,OC7,0.052805280528052806
Cyprus,2015,OC8,0.08280254777070065
Cyprus,2015,OC9,0.6519114688128772
Cyprus,2015,TOTAL,0.47797716150081565
Cyprus,2016,OC0,0.0
Cyprus,2016,OC1,0.27272727272727276
Cyprus,2016,OC2,0.5608856088560885
Cyprus,2016,OC3,0.447136563876652
Cyprus,2016,OC4,0.7208672086720868
Cyprus,2016,OC5,0.5572390572390573
Cyprus,2016,OC6,0.13333333333333333
Cyprus,2016,OC7,0.042345276872964174
Cyprus,2016,OC8,0.13664596273291926
Cyprus,2016,OC9,0.6285097192224622
Cyprus,2016,TOTAL,0.4751932989690722
Cyprus,2017,OC0,0.1323529411764706
Cyprus,2017,OC1,0.20437956204379562
Cyprus,2017,OC2,0.5462184873949579
Cyprus,2017,OC3,0.4653679653679653
Cyprus,2017,OC4,0.7616707616707616
Cyprus,2017,OC5,0.560067681895093
Cyprus,2017,OC6,0.0
Cyprus,2017,OC7,0.045584045584045586
Cyprus,2017,OC8,0.14189189189189189
Cyprus,2017,OC9,0.5742358078602621
Cyprus,2017,TOTAL,0.46521605884155687
Cyprus,2018,OC0,0.1797752808988764
Cyprus,2018,OC1,0.16428571428571428
Cyprus,2018,OC2,0.5583203732503889
Cyprus,2018,OC3,0.48283261802575106
Cyprus,2018,OC4,0.7452380952380953
Cyprus,2018,OC5,0.5557324840764332
Cyprus,2018,OC6,0.0
Cyprus,2018,OC7,0.03926701570680628
Cyprus,2018,OC8,0.14044943820224717
Cyprus,2018,OC9,0.5963488843813387
Cyprus,2018,TOTAL,0.4666090961427749
Cyprus,2019,OC0,0.13924050632911392
Cyprus,2019,OC1,0.21118012422360247
Cyprus,2019,OC2,0.5591715976331361
Cyprus,2019,OC3,0.48837209302325585
Cyprus,2019,OC4,0.7346437346437346
Cyprus,2019,OC5,0.5466666666666666
Cyprus,2019,OC6,0.0
Cyprus,2019,OC7,0.03676470588235294
Cyprus,2019,OC8,0.10891089108910892
Cyprus,2019,OC9,0.5967741935483871
Cyprus,2019,TOTAL,0.4577814569536424
Cyprus,2020,OC0,0.16216216216216214
Cyprus,2020,OC1,0.25308641975308643
Cyprus,2020,OC2,0.5816618911174786
Cyprus,2020,OC3,0.47516198704103674
Cyprus,2020,OC4,0.7040572792362769
Cyprus,2020,OC5,0.5566666666666666
Cyprus,2020,OC6,0.24390243902439027
Cyprus,2020,OC7,0.0388768898488121
Cyprus,2020,OC8,0.08407079646017698
Cyprus,2020,OC9,0.6015779092702169
Cyprus,2020,TOTAL,0.45414727621133316
Czech Republic,2013,OC0,0.09248554913294797
Czech Republic,2013,OC1,0.2684839432412248
Czech Republic,2013,OC2,0.5451674036639292
Czech Republic,2013,OC3,0.4063210822458997
Czech Republic,2013,OC4,0.7748483434437704
Czech Republic,2013,OC5,0.6465358675659105
Czech Republic,2013,OC6,0.345718901453958
Czech Republic,2013,OC7,0.09918856727625046
Czech Republic,2013,OC8,0.2397716460513796
Czech Republic,2013,OC9,0.5663196016296966
Czech Republic,2013,TOTAL,0.4135601373067757
Czech Republic,2014,OC0,0.11235955056179775
Czech Republic,2014,OC1,0.269704433497537
Czech Republic,2014,OC2,0.5375939849624061
Czech Republic,2014,OC3,0.4163851351351352
Czech Republic,2014,OC4,0.7710872162485065
Czech Republic,2014,OC5,0.631785283474065
Czech Republic,2014,OC6,0.33148148148148143
Czech Republic,2014,OC7,0.09938981459751232
Czech Republic,2014,OC8,0.25873570520965694
Czech Republic,2014,OC9,0.5727678571428572
Czech Republic,2014,TOTAL,0.4145439516216745
Czech Republic,2015,OC0,0.07894736842105263
Czech Republic,2015,OC1,0.29857637552904964
Czech Republic,2015,OC2,0.547486033519553
Czech Republic,2015,OC3,0.42030784508440916
Czech Republic,2015,OC4,0.7778042959427207
Czech Republic,2015,OC5,0.6268355888281024
Czech Republic,2015,OC6,0.2740619902120718
Czech Republic,2015,OC7,0.10811133675785449
Czech Republic,2015,OC8,0.2581850799820601
Czech Republic,2015,OC9,0.5665796344647519
Czech Republic,2015,TOTAL,0.41984504088009933
Czech Republic,2016,OC0,0.0958904109589041
Czech Republic,2016,OC1,0.2674329501915709
Czech Republic,2016,OC2,0.527423099245502
Czech Republic,2016,OC3,0.43536331331944617
Czech Republic,2016,OC4,0.7805977229601518
Czech Republic,2016,OC5,0.6343901742359326
Czech Republic,2016,OC6,0.3133640552995392
Czech Republic,2016,OC7,0.09907010014306152
Czech Republic,2016,OC8,0.25730650609487443
Czech Republic,2016,OC9,0.617039586919105
Czech Republic,2016,TOTAL,0.42064786762992307
Czech Republic,2017,OC0,0.11585365853658537
Czech Republic,2017,OC1,0.2412336290663287
Czech Republic,2017,OC2,0.5077256317689531
Czech Republic,2017,OC3,0.43287606987923555
Czech Republic,2017,OC4,0.7771084337349398
Czech Republic,2017,OC5,0.6290018832391714
Czech Republic,2017,OC6,0.32465543644716693
Czech Republic,2017,OC7,0.10280932456664674
Czech Republic,2017,OC8,0.2671942446043165
Czech Republic,2017,OC9,0.6032243618450515
Czech Republic,2017,TOTAL,0.4183461174739939
Czech Republic,2018,OC0,0.0
Czech Republic,2018,OC1,0.25459991442019686
Czech Republic,2018,OC2,0.524330900243309
Czech Republic,2018,OC3,0.4307601649970536
Czech Republic,2018,OC4,0.7596968345965225
Czech Republic,2018,OC5,0.6337615191287349
Czech Republic,2018,OC6,0.3652037617554859
Czech Republic,2018,OC7,0.09693999521874253
Czech Republic,2018,OC8,0.28240069585387073
Czech Republic,2018,OC9,0.5584939489018377
Czech Republic,2018,TOTAL,0.42187856772184745
Czech Republic,2019,OC0,0.06962025316455696
Czech Republic,2019,OC1,0.26045454545454544
Czech Republic,2019,OC2,0.5071007502679529
Czech Republic,2019,OC3,0.4107057129140662
Czech Republic,2019,OC4,0.7691441441441441
Czech Republic,2019,OC5,0.648230704931736
Czech Republic,2019,OC6,0.37104825291181365
Czech Republic,2019,OC7,0.11637512147716228
Czech Republic,2019,OC8,0.25712230215827336
Czech Republic,2019,OC9,0.5797770088427527
Czech Republic,2019,TOTAL,0.4222439105426003
Czech Republic,2020,OC0,0.06115107913669064
Czech Republic,2020,OC1,0.27263922518159805
Czech Republic,2020,OC2,0.49699142235309174
Czech Republic,2020,OC3,0.4300662713637949
Czech Republic,2020,OC4,0.7771156138259833
Czech Republic,2020,OC5,0.6407229266870719
Czech Republic,2020,OC6,0.34408602150537637
Czech Republic,2020,OC7,0.11251688981697579
Czech Republic,2020,OC8,0.2564294258373206
Czech Republic,2020,OC9,0.5826558265582655
Czech Republic,2020,TOTAL,0.42159017182562103
Denmark,2013,OC0,0.0
Denmark,2013,OC1,0.2444933920704846
Denmark,2013,OC2,0.5129836629406707
Denmark,2013,OC3,0.39889269707355657
Denmark,2013,OC4,0.6971947194719472
Denmark,2013,OC5,0.5711624441132639
Denmark,2013,OC6,0.139874739039666
Denmark,2013,OC7,0.049468331021729074
Denmark,2013,OC8,0.1694277108433735
Denmark,2013,OC9,0.3945686900958466
Denmark,2013,TOTAL,0.4089660533817051
Denmark,2014,OC0,0.0
Denmark,2014,OC1,0.29124236252545826
Denmark,2014,OC2,0.5054982817869416
Denmark,2014,OC3,0.386296987470008
Denmark,2014,OC4,0.6740121580547113
Denmark,2014,OC5,0.5690028901734104
Denmark,2014,OC6,0.17114914425427874
Denmark,2014,OC7,0.06076307112576543
Denmark,2014,OC8,0.16653934300993126
Denmark,2014,OC9,0.3865073787772312
Denmark,2014,TOTAL,0.408842040628358
Denmark,2015,OC0,0.0
Denmark,2015,OC1,0.24777183600713013
Denmark,2015,OC2,0.5371498172959804
Denmark,2015,OC3,0.3611393692777213
Denmark,2015,OC4,0.6959409594095941
Denmark,2015,OC5,0.5676917638741605
Denmark,2015,OC6,0.1725067385444744
Denmark,2015,OC7,0.05496535796766744
Denmark,2015,OC8,0.1637604245640637
Denmark,2015,OC9,0.3621621621621622
Denmark,2015,TOTAL,0.4089471305919566
Denmark,2016,OC0,0.0
Denmark,2016,OC1,0.2818897637795275
Denmark,2016,OC2,0.5091360652829519
Denmark,2016,OC3,0.39427860696517414
Denmark,2016,OC4,0.6664190193164934
Denmark,2016,OC5,0.5584554880228817
Denmark,2016,OC6,0.13296398891966757
Denmark,2016,OC7,0.057633973710819006
Denmark,2016,OC8,0.1403921568627451
Denmark,2016,OC9,0.34588826114249843
Denmark,2016,TOTAL,0.40402111083186726
Denmark,2017,OC0,0.0
Denmark,2017,OC1,0.27121464226289516
Denmark,2017,OC2,0.5133654325087166
Denmark,2017,OC3,0.3966642494561276
Denmark,2017,OC4,0.6950122649223222
Denmark,2017,OC5,0.5741935483870967
Denmark,2017,OC6,0.14124293785310735
Denmark,2017,OC7,0.05518234165067178
Denmark,2017,OC8,0.15441176470588233
Denmark,2017,OC9,0.33618984838497035
Denmark,2017,TOTAL,0.40869565217391307
Denmark,2018,OC0,0.0
Denmark,2018,OC1,0.25170068027210885
Denmark,2018,OC2,0.5253827558420628
Denmark,2018,OC3,0.3912408759124088
Denmark,2018,OC4,0.6688524590163933
Denmark,2018,OC5,0.5793758480325645
Denmark,2018,OC6,0.228287841191067
Denmark,2018,OC7,0.05951219512195122
Denmark,2018,OC8,0.14817518248175182
Denmark,2018,OC9,0.3913869537682077
Denmark,2018,TOTAL,0.41478636581853096
Denmark,2019,OC0,0.0
Denmark,2019,OC1,0.26643192488262907
Denmark,2019,OC2,0.5341269841269841
Denmark,2019,OC3,0.3680323963792282
Denmark,2019,OC4,0.7059314954051796
Denmark,2019,OC5,0.5843373493975903
Denmark,2019,OC6,0.16338028169014085
Denmark,2019,OC7,0.06395939086294417
Denmark,2019,OC8,0.15929203539823011
Denmark,2019,OC9,0.40050697084917614
Denmark,2019,TOTAL,0.41867527044980074
Denmark,2020,OC0,0.0
Denmark,2020,OC1,0.2544951590594744
Denmark,2020,OC2,0.5125910194174756
Denmark,2020,OC3,0.3763654419066534
Denmark,2020,OC4,0.6887096774193548
Denmark,2020,OC5,0.599250936329588
Denmark,2020,OC6,0.16037735849056603
Denmark,2020,OC7,0.0503711558854719
Denmark,2020,OC8,0.15111796453353896
Denmark,2020,OC9,0.38826815642458107
Denmark,2020,TOTAL,0.4176178779559794
Estonia,2013,OC0,0.0
Estonia,2013,OC1,0.34909090909090906
Estonia,2013,OC2,0.6396226415094339
Estonia,2013,OC3,0.504774897680764
Estonia,2013,OC4,0.7421602787456446
Estonia,2013,OC5,0.752212389380531
Estonia,2013,OC6,0.0
Estonia,2013,OC7,0.10532837670384139
Estonia,2013,OC8,0.23172242874845103
Estonia,2013,OC9,0.6293859649122807
Estonia,2013,TOTAL,0.4656987295825772
Estonia,2014,OC0,0.0
Estonia,2014,OC1,0.3364928909952607
Estonia,2014,OC2,0.6464746772591856
Estonia,2014,OC3,0.5964912280701755
Estonia,2014,OC4,0.6086956521739131
Estonia,2014,OC5,0.7193732193732193
Estonia,2014,OC6,0.0
Estonia,2014,OC7,0.12714776632302405
Estonia,2014,OC8,0.24852941176470586
Estonia,2014,OC9,0.5943396226415094
Estonia,2014,TOTAL,0.46950998185117965
Estonia,2015,OC0,0.0
Estonia,2015,OC1,0.32313829787234044
Estonia,2015,OC2,0.643389199255121
Estonia,2015,OC3,0.622923588039867
Estonia,2015,OC4,0.6288659793814433
Estonia,2015,OC5,0.8155197657393851
Estonia,2015,OC6,0.0
Estonia,2015,OC7,0.10081112398609501
Estonia,2015,OC8,0.2457142857142857
Estonia,2015,OC9,0.5214899713467048
Estonia,2015,TOTAL,0.46576096934092154
Estonia,2016,OC0,0.0
Estonia,2016,OC1,0.35630689206762023
Estonia,2016,OC2,0.6158701532912533
Estonia,2016,OC3,0.5893129770992367
Estonia,2016,OC4,0.7180327868852459
Estonia,2016,OC5,0.8289855072463769
Estonia,2016,OC6,0.0
Estonia,2016,OC7,0.09884467265725289
Estonia,2016,OC8,0.23205128205128206
Estonia,2016,OC9,0.5416666666666666
Estonia,2016,TOTAL,0.4696697774587221
Estonia,2017,OC0,0.0
Estonia,2017,OC1,0.34517045454545453
Estonia,2017,OC2,0.6171802054154996
Estonia,2017,OC3,0.523876404494382
Estonia,2017,OC4,0.6129032258064516
Estonia,2017,OC5,0.785607196401799
Estonia,2017,OC6,0.0
Estonia,2017,OC7,0.09358974358974359
Estonia,2017,OC8,0.29041095890410956
Estonia,2017,OC9,0.5435294117647059
Estonia,2017,TOTAL,0.4597388465723613
Estonia,2018,OC0,0.0
Estonia,2018,OC1,0.32722513089005234
Estonia,2018,OC2,0.6316742081447964
Estonia,2018,OC3,0.49708454810495634
Estonia,2018,OC4,0.6253869969040248
Estonia,2018,OC5,0.6989720998531572
Estonia,2018,OC6,0.0
Estonia,2018,OC7,0.10727496917385942
Estonia,2018,OC8,0.3098802395209581
Estonia,2018,OC9,0.5166666666666666
Estonia,2018,TOTAL,0.4506940688660537
Estonia,2019,OC0,0.0
Estonia,2019,OC1,0.37059724349157736
Estonia,2019,OC2,0.6450482033304119
Estonia,2019,OC3,0.4968944099378882
Estonia,2019,OC4,0.6514084507042254
Estonia,2019,OC5,0.7209653092006033
Estonia,2019,OC6,0.0
Estonia,2019,OC7,0.10700132100396301
Estonia,2019,OC8,0.23958333333333331
Estonia,2019,OC9,0.5481927710843373
Estonia,2019,TOTAL,0.45517241379310347
Estonia,2020,OC0,0.0
Estonia,2020,OC1,0.3522537562604341
Estonia,2020,OC2,0.6206589492430988
Estonia,2020,OC3,0.5261780104712042
Estonia,2020,OC4,0.6386861313868614
Estonia,2020,OC5,0.7280265339966833
Estonia,2020,OC6,0.0
Estonia,2020,OC7,0.11065006915629323
Estonia,2020,OC8,0.21780821917808219
Estonia,2020,OC9,0.5481049562682216
Estonia,2020,TOTAL,0.45119635396885677
Finland,2013,OC0,0.0
Finland,2013,OC1,0.2754946727549467
Finland,2013,OC2,0.46086611044894715
Finland,2013,OC3,0.5573647294589179
Finland,2013,OC4,0.7787294789436117
Finland,2013,OC5,0.6930746429533817
Finland,2013,OC6,0.3162393162393162
Finland,2013,OC7,0.060866318147871544
Finland,2013,OC8,0.14082098061573545
Finland,2013,OC9,0.5731601731601732
Finland,2013,TOTAL,0.4580073522480912
Finland,2014,OC0,0.0
Finland,2014,OC1,0.3211314475873544
Finland,2014,OC2,0.46025591314462977
Finland,2014,OC3,0.5472822040208489
Finland,2014,OC4,0.759018759018759
Finland,2014,OC5,0.6895619253650622
Finland,2014,OC6,0.3342618384401114
Finland,2014,OC7,0.06827473426001635
Finland,2014,OC8,0.14245014245014245
Finland,2014,OC9,0.586565752128666
Finland,2014,TOTAL,0.46128540097263276
Finland,2015,OC0,0.0
Finland,2015,OC1,0.3482993197278912
Finland,2015,OC2,0.46127234287910823
Finland,2015,OC3,0.5653692614770459
Finland,2015,OC4,0.744
Finland,2015,OC5,0.6865714285714286
Finland,2015,OC6,0.3142476697736352
Finland,2015,OC7,0.07329401853411963
Finland,2015,OC8,0.16337854500616525
Finland,2015,OC9,0.616412213740458
Finland,2015,TOTAL,0.4655599242755206
Finland,2016,OC0,0.0
Finland,2016,OC1,0.35927367055771725
Finland,2016,OC2,0.45879120879120877
Finland,2016,OC3,0.554617676266137
Finland,2016,OC4,0.7540016849199663
Finland,2016,OC5,0.6907797213163356
Finland,2016,OC6,0.31781701444622795
Finland,2016,OC7,0.05887001185302252
Finland,2016,OC8,0.14564220183486237
Finland,2016,OC9,0.5844660194174758
Finland,2016,TOTAL,0.45348496680983985
Finland,2017,OC0,0.0
Finland,2017,OC1,0.3033854166666667
Finland,2017,OC2,0.4612885760693015
Finland,2017,OC3,0.5650446871896723
Finland,2017,OC4,0.7533898305084746
Finland,2017,OC5,0.6743542435424354
Finland,2017,OC6,0.3383333333333333
Finland,2017,OC7,0.0550346514472075
Finland,2017,OC8,0.13583282114320838
Finland,2017,OC9,0.5498575498575499
Finland,2017,TOTAL,0.45124496432558364
Finland,2018,OC0,0.0
Finland,2018,OC1,0.3106332138590203
Finland,2018,OC2,0.47751111111111116
Finland,2018,OC3,0.5557408289661744
Finland,2018,OC4,0.7509976057462091
Finland,2018,OC5,0.6688216279753159
Finland,2018,OC6,0.33128834355828224
Finland,2018,OC7,0.06458421274799493
Finland,2018,OC8,0.13702460850111856
Finland,2018,OC9,0.5414258188824663
Finland,2018,TOTAL,0.4559811985898943
Finland,2019,OC0,0.0
Finland,2019,OC1,0.35148514851485146
Finland,2019,OC2,0.4902299844371434
Finland,2019,OC3,0.5309278350515464
Finland,2019,OC4,0.7247879359095194
Finland,2019,OC5,0.6761933718455458
Finland,2019,OC6,0.33855799373040757
Finland,2019,OC7,0.07849550286181521
Finland,2019,OC8,0.1277533039647577
Finland,2019,OC9,0.5465004793863855
Finland,2019,TOTAL,0.451838961527608
Finland,2020,OC0,0.0
Finland,2020,OC1,0.3726618705035971
Finland,2020,OC2,0.4788088860879155
Finland,2020,OC3,0.5521599264705883
Finland,2020,OC4,0.7224791859389454
Finland,2020,OC5,0.6643968871595332
Finland,2020,OC6,0.3413729128014842
Finland,2020,OC7,0.07659574468085106
Finland,2020,OC8,0.1395045632333768
Finland,2020,OC9,0.5395010395010394
Finland,2020,TOTAL,0.45848581341191014
France,2013,OC0,0.10542635658914729
France,2013,OC1,0.3457657657657658
France,2013,OC2,0.44446533111337877
France,2013,OC3,0.40767940523142476
France,2013,OC4,0.6897590361445782
France,2013,OC5,0.6276309542649153
France,2013,OC6,0.1985746226942426
France,2013,OC7,0.08799191763687098
France,2013,OC8,0.16374859042079645
France,2013,OC9,0.43388847683905335
France,2013,TOTAL,0.4073172010466762
France,2014,OC0,0.14427860696517414
France,2014,OC1,0.30464946445959107
France,2014,OC2,0.46310495506636984
France,2014,OC3,0.4226698063601655
France,2014,OC4,0.7249986551186185
France,2014,OC5,0.6032634932895626
France,2014,OC6,0.19907161803713527
France,2014,OC7,0.08607460975394654
France,2014,OC8,0.1808636082879443
France,2014,OC9,0.4986779481755685
France,2014,TOTAL,0.41144359078042864
France,2015,OC0,0.13880401571366216
France,2015,OC1,0.29783331422675685
France,2015,OC2,0.4789153439153439
France,2015,OC3,0.4367694421296817
France,2015,OC4,0.7158517392955988
France,2015,OC5,0.6021012285684954
France,2015,OC6,0.20853771708869154
France,2015,OC7,0.08589308536424134
France,2015,OC8,0.18422987725550086
France,2015,OC9,0.5028954988154778
France,2015,TOTAL,0.41485199605948303
France,2016,OC0,0.15472936030617823
France,2016,OC1,0.30894627751946674
France,2016,OC2,0.4724952137843012
France,2016,OC3,0.44492478715426353
France,2016,OC4,0.7200281673610704
France,2016,OC5,0.5872757475083057
France,2016,OC6,0.1835916622127205
France,2016,OC7,0.09023966337358215
France,2016,OC8,0.18233837689133423
France,2016,OC9,0.5171012529630884
France,2016,TOTAL,0.4155079690101823
France,2017,OC0,0.15208690680388795
France,2017,OC1,0.31046750792150757
France,2017,OC2,0.4752079453755432
France,2017,OC3,0.4358140760917319
France,2017,OC4,0.7085736907589639
France,2017,OC5,0.5998990578734859
France,2017,OC6,0.19140458232531662
France,2017,OC7,0.09460431654676259
France,2017,OC8,0.18862713241267262
France,2017,OC9,0.47046157986812004
France,2017,TOTAL,0.4138574178977377
France,2018,OC0,0.15164279696714406
France,2018,OC1,0.32974065341865944
France,2018,OC2,0.4838965915655691
France,2018,OC3,0.44347692240033426
France,2018,OC4,0.7171873144078869
France,2018,OC5,0.6132703250072331
France,2018,OC6,0.19874732661167124
France,2018,OC7,0.0870177670741128
France,2018,OC8,0.18566058002148228
France,2018,OC9,0.45641720284456483
France,2018,TOTAL,0.4193020744790829
France,2019,OC0,0.21821164889253486
France,2019,OC1,0.3309518693596906
France,2019,OC2,0.4846837717075867
France,2019,OC3,0.453679183850662
France,2019,OC4,0.7138773843551304
France,2019,OC5,0.6151209293467911
France,2019,OC6,0.18928942293428272
France,2019,OC7,0.09536534080953214
France,2019,OC8,0.1805461137548153
France,2019,OC9,0.4724443798167805
France,2019,TOTAL,0.4243308672141904
France,2020,OC0,0.15454545454545454
France,2020,OC1,0.3391512314268268
France,2020,OC2,0.4910985012561726
France,2020,OC3,0.44841093207513577
France,2020,OC4,0.7175984945061615
France,2020,OC5,0.6218549250535331
France,2020,OC6,0.20307644499689245
France,2020,OC7,0.0896023452645515
France,2020,OC8,0.17676060624505446
France,2020,OC9,0.4693415186728057
France,2020,TOTAL,0.42756208079110836
Germany,2013,OC0,0.0
Germany,2013,OC1,0.2554470323065364
Germany,2013,OC2,0.35460852720839675
Germany,2013,OC3,0.4519981698562706
Germany,2013,OC4,0.5453711139153378
Germany,2013,OC5,0.4893800610646489
Germany,2013,OC6,0.13637327677624603
Germany,2013,OC7,0.07311979199965901
Germany,2013,OC8,0.10350310798438779
Germany,2013,OC9,0.34428353658536587
Germany,2013,TOTAL,0.33757837891364084
Germany,2014,OC0,0.0
Germany,2014,OC1,0.2488095238095238
Germany,2014,OC2,0.35966802330221054
Germany,2014,OC3,0.4618403631549083
Germany,2014,OC4,0.5534555228318988
Germany,2014,OC5,0.48290172108734114
Germany,2014,OC6,0.1429176370950667
Germany,2014,OC7,0.07040764546684708
Germany,2014,OC8,0.10816859380828048
Germany,2014,OC9,0.3567786442711458
Germany,2014,TOTAL,0.34097883514189004
Germany,2015,OC0,0.0
Germany,2015,OC1,0.2679914070891515
Germany,2015,OC2,0.36325531289785523
Germany,2015,OC3,0.46588799504950495
Germany,2015,OC4,0.5528177316670596
Germany,2015,OC5,0.47020592233975533
Germany,2015,OC6,0.12251512532411409
Germany,2015,OC7,0.07421755974404735
Germany,2015,OC8,0.11344302140787135
Germany,2015,OC9,0.3423074054739354
Germany,2015,TOTAL,0.3428877238815166
Germany,2016,OC0,0.1169811320754717
Germany,2016,OC1,0.2559602252306218
Germany,2016,OC2,0.3615483870967742
Germany,2016,OC3,0.455610881709983
Germany,2016,OC4,0.541915486549508
Germany,2016,OC5,0.48002774362369555
Germany,2016,OC6,0.1476587853500232
Germany,2016,OC7,0.07842800386556427
Germany,2016,OC8,0.11712622106732112
Germany,2016,OC9,0.34468937875751504
Germany,2016,TOTAL,0.3432422698976179
Germany,2017,OC0,0.0
Germany,2017,OC1,0.26868556701030927
Germany,2017,OC2,0.36854493836920976
Germany,2017,OC3,0.4581828708994225
Germany,2017,OC4,0.5400255936300299
Germany,2017,OC5,0.4740330430327869
Germany,2017,OC6,0.14972144846796656
Germany,2017,OC7,0.07608464256822924
Germany,2017,OC8,0.10682987898177773
Germany,2017,OC9,0.3381995133819951
Germany,2017,TOTAL,0.3420859815632082
Germany,2018,OC0,0.0
Germany,2018,OC1,0.26989026063100136
Germany,2018,OC2,0.3707567964731815
Germany,2018,OC3,0.4615350336447765
Germany,2018,OC4,0.531257169075476
Germany,2018,OC5,0.46031486269760746
Germany,2018,OC6,0.12156263640331734
Germany,2018,OC7,0.07686085864498414
Germany,2018,OC8,0.11036557149467839
Germany,2018,OC9,0.3563475997686524
Germany,2018,TOTAL,0.3415185332666265
Germany,2019,OC0,0.11682242990654207
Germany,2019,OC1,0.2518453233447174
Germany,2019,OC2,0.37532262689991397
Germany,2019,OC3,0.4591550523914023
Germany,2019,OC4,0.528788562829195
Germany,2019,OC5,0.4569590225197413
Germany,2019,OC6,0.15488372093023253
Germany,2019,OC7,0.07939516744013769
Germany,2019,OC8,0.10901786951101261
Germany,2019,OC9,0.3371789290378755
Germany,2019,TOTAL,0.34084480258622735
Greece,2013,OC0,0.1593959731543624
Greece,2013,OC1,0.2807118254879449
Greece,2013,OC2,0.5025720966484801
Greece,2013,OC3,0.4911937377690802
Greece,2013,OC4,0.5622699386503068
Greece,2013,OC5,0.43879296935759843
Greece,2013,OC6,0.3997970573313039
Greece,2013,OC7,0.0879746835443038
Greece,2013,OC8,0.08100558659217875
Greece,2013,OC9,0.5091954022988505
Greece,2013,TOTAL,0.39487259652962325
Greece,2014,OC0,0.17258883248730963
Greece,2014,OC1,0.290371493555724
Greece,2014,OC2,0.5112830431979368
Greece,2014,OC3,0.5026061057334326
Greece,2014,OC4,0.5774647887323944
Greece,2014,OC5,0.4419354838709677
Greece,2014,OC6,0.38382236320380647
Greece,2014,OC7,0.0939922480620155
Greece,2014,OC8,0.09078276980083372
Greece,2014,OC9,0.5251487290427258
Greece,2014,TOTAL,0.40265570660765093
Greece,2015,OC0,0.14209591474245117
Greece,2015,OC1,0.259094942324756
Greece,2015,OC2,0.5157929013350699
Greece,2015,OC3,0.4857544846992613
Greece,2015,OC4,0.5717189314750291
Greece,2015,OC5,0.4410228210063239
Greece,2015,OC6,0.397381079636558
Greece,2015,OC7,0.10303030303030303
Greece,2015,OC8,0.09040683073832245
Greece,2015,OC9,0.5265486725663716
Greece,2015,TOTAL,0.4074314909428704
Greece,2016,OC0,0.1477272727272727
Greece,2016,OC1,0.2515090543259557
Greece,2016,OC2,0.5255784668660476
Greece,2016,OC3,0.47549353301565683
Greece,2016,OC4,0.5592841163310962
Greece,2016,OC5,0.4447432105404679
Greece,2016,OC6,0.38674633351439436
Greece,2016,OC7,0.11374407582938388
Greece,2016,OC8,0.05328685258964143
Greece,2016,OC9,0.4813378574890935
Greece,2016,TOTAL,0.4041969969238266
Greece,2017,OC0,0.1409295352323838
Greece,2017,OC1,0.3112183353437877
Greece,2017,OC2,0.5177983846844152
Greece,2017,OC3,0.47928571428571426
Greece,2017,OC4,0.5538255033557047
Greece,2017,OC5,0.4412652579078619
Greece,2017,OC6,0.3868510158013544
Greece,2017,OC7,0.09821157926644437
Greece,2017,OC8,0.06902899217671421
Greece,2017,OC9,0.4944271065537227
Greece,2017,TOTAL,0.40303707012058954
Greece,2018,OC0,0.11349693251533742
Greece,2018,OC1,0.2616632860040568
Greece,2018,OC2,0.5040674456441355
Greece,2018,OC3,0.48566371681415926
Greece,2018,OC4,0.5751254290995511
Greece,2018,OC5,0.4541237113402062
Greece,2018,OC6,0.3886381736129546
Greece,2018,OC7,0.07601613403661185
Greece,2018,OC8,0.0807787903893952
Greece,2018,OC9,0.4723641430562006
Greece,2018,TOTAL,0.40006991173643275
Greece,2019,OC0,0.11057692307692309
Greece,2019,OC1,0.275705186533212
Greece,2019,OC2,0.5076105686387133
Greece,2019,OC3,0.472945205479452
Greece,2019,OC4,0.5876288659793814
Greece,2019,OC5,0.46347924813927077
Greece,2019,OC6,0.37624608373682705
Greece,2019,OC7,0.08328322309079975
Greece,2019,OC8,0.07726901062959934
Greece,2019,OC9,0.4565022421524664
Greece,2019,TOTAL,0.40375386887014797
Greece,2020,OC0,0.08415841584158415
Greece,2020,OC1,0.28246205733558183
Greece,2020,OC2,0.5154816513761468
Greece,2020,OC3,0.5048317227590803
Greece,2020,OC4,0.5743884173739391
Greece,2020,OC5,0.4694331718811363
Greece,2020,OC6,0.37031298419584757
Greece,2020,OC7,0.07937028533945556
Greece,2020,OC8,0.07034142328259976
Greece,2020,OC9,0.4321556579621096
Greece,2020,TOTAL,0.4060693217503595
Hungary,2013,OC0,0.0
Hungary,2013,OC1,0.4033898305084746
Hungary,2013,OC2,0.5471603283632099
Hungary,2013,OC3,0.6077093323496864
Hungary,2013,OC4,0.743879472693032
Hungary,2013,OC5,0.5629533196949972
Hungary,2013,OC6,0.2794117647058823
Hungary,2013,OC7,0.08751608751608753
Hungary,2013,OC8,0.28789986091794156
Hungary,2013,OC9,0.48275862068965514
Hungary,2013,TOTAL,0.4459868402787418
Hungary,2014,OC0,0.14054054054054055
Hungary,2014,OC1,0.4019507186858316
Hungary,2014,OC2,0.5397538256819694
Hungary,2014,OC3,0.6225687751883652
Hungary,2014,OC4,0.729217818309365
Hungary,2014,OC5,0.5570921985815602
Hungary,2014,OC6,0.2881944444444444
Hungary,2014,OC7,0.1092032967032967
Hungary,2014,OC8,0.28512474207465766
Hungary,2014,OC9,0.4913165266106443
Hungary,2014,TOTAL,0.44785405462406414
Hungary,2015,OC0,0.1949685534591195
Hungary,2015,OC1,0.3996937212863706
Hungary,2015,OC2,0.5293464467005076
Hungary,2015,OC3,0.6228373702422145
Hungary,2015,OC4,0.7063815342837745
Hungary,2015,OC5,0.597548690396239
Hungary,2015,OC6,0.2268565615462869
Hungary,2015,OC7,0.10616269515201314
Hungary,2015,OC8,0.2730577879831611
Hungary,2015,OC9,0.4920303109485237
Hungary,2015,TOTAL,0.44790312300828555
Hungary,2016,OC0,0.18978102189781024
Hungary,2016,OC1,0.40030364372469635
Hungary,2016,OC2,0.5344470962609387
Hungary,2016,OC3,0.6313240941726499
Hungary,2016,OC4,0.7015822784810126
Hungary,2016,OC5,0.5590311196663459
Hungary,2016,OC6,0.24044180118946473
Hungary,2016,OC7,0.11161387631975865
Hungary,2016,OC8,0.26861794250086596
Hungary,2016,OC9,0.51168893129771
Hungary,2016,TOTAL,0.44763162399432666
Hungary,2017,OC0,0.0
Hungary,2017,OC1,0.40344652812975157
Hungary,2017,OC2,0.507371794871795
Hungary,2017,OC3,0.6245041196216051
Hungary,2017,OC4,0.7168026101141924
Hungary,2017,OC5,0.5539183937823834
Hungary,2017,OC6,0.2768839966130398
Hungary,2017,OC7,0.10421069744756949
Hungary,2017,OC8,0.28753888979859177
Hungary,2017,OC9,0.516813737181016
Hungary,2017,TOTAL,0.4445427799172388
Hungary,2018,OC0,0.0
Hungary,2018,OC1,0.3879723257051623
Hungary,2018,OC2,0.5229013600125059
Hungary,2018,OC3,0.6171875
Hungary,2018,OC4,0.7366140513772825
Hungary,2018,OC5,0.5967556939210225
Hungary,2018,OC6,0.273015873015873
Hungary,2018,OC7,0.09036898061288304
Hungary,2018,OC8,0.2970251007127363
Hungary,2018,OC9,0.4778481012658228
Hungary,2018,TOTAL,0.44546549809832037
Hungary,2019,OC0,0.1638418079096045
Hungary,2019,OC1,0.39730046948356806
Hungary,2019,OC2,0.5111239526148512
Hungary,2019,OC3,0.5844473426801435
Hungary,2019,OC4,0.741190765492102
Hungary,2019,OC5,0.5913757700205339
Hungary,2019,OC6,0.27401837928153716
Hungary,2019,OC7,0.09388880379843774
Hungary,2019,OC8,0.28383934218848833
Hungary,2019,OC9,0.5158455392809587
Hungary,2019,TOTAL,0.4410480349344978
Hungary,2020,OC0,0.16499999999999998
Hungary,2020,OC1,0.35635179153094465
Hungary,2020,OC2,0.522132796780684
Hungary,2020,OC3,0.5531845042678922
Hungary,2020,OC4,0.7111790689772342
Hungary,2020,OC5,0.6078809106830123
Hungary,2020,OC6,0.28597285067873307
Hungary,2020,OC7,0.09412673879443585
Hungary,2020,OC8,0.26601330066503326
Hungary,2020,OC9,0.5339455559199738
Hungary,2020,TOTAL,0.4351131932010498
Ireland,2013,OC0,0.0
Ireland,2013,OC1,0.30994989262705797
Ireland,2013,OC2,0.5227215029195228
Ireland,2013,OC3,0.4025897586815774
Ireland,2013,OC4,0.7502027575020276
Ireland,2013,OC5,0.5617509119332985
Ireland,2013,OC6,0.05365126676602087
Ireland,2013,OC7,0.07293233082706767
Ireland,2013,OC8,0.15083798882681565
Ireland,2013,OC9,0.2088428974600188
Ireland,2013,TOTAL,0.3989216441425671
Ireland,2014,OC0,0.0
Ireland,2014,OC1,0.3217922606924643
Ireland,2014,OC2,0.5198592257415787
Ireland,2014,OC3,0.40502793296089384
Ireland,2014,OC4,0.733282090699462
Ireland,2014,OC5,0.5662055335968379
Ireland,2014,OC6,0.05519480519480519
Ireland,2014,OC7,0.06801346801346801
Ireland,2014,OC8,0.11737629459148445
Ireland,2014,OC9,0.24108818011257035
Ireland,2014,TOTAL,0.3997423204719604
Ireland,2015,OC0,0.0
Ireland,2015,OC1,0.329746835443038
Ireland,2015,OC2,0.5129759883579917
Ireland,2015,OC3,0.40552246886843535
Ireland,2015,OC4,0.7223548130469372
Ireland,2015,OC5,0.5882908404154863
Ireland,2015,OC6,0.04953560371517029
Ireland,2015,OC7,0.06351183063511831
Ireland,2015,OC8,0.1138560687432868
Ireland,2015,OC9,0.2608326253186066
Ireland,2015,TOTAL,0.3972229431611731
Ireland,2016,OC0,0.0
Ireland,2016,OC1,0.3363581367211131
Ireland,2016,OC2,0.5200923787528868
Ireland,2016,OC3,0.4104938271604938
Ireland,2016,OC4,0.7089611419508327
Ireland,2016,OC5,0.6091278807049254
Ireland,2016,OC6,0.0462962962962963
Ireland,2016,OC7,0.0720100187852223
Ireland,2016,OC8,0.12857142857142856
Ireland,2016,OC9,0.23163353500432152
Ireland,2016,TOTAL,0.403487935991999
Ireland,2017,OC0,0.0
Ireland,2017,OC1,0.3377521613832853
Ireland,2017,OC2,0.5078194816800715
Ireland,2017,OC3,0.4178114637612506
Ireland,2017,OC4,0.6840958605664489
Ireland,2017,OC5,0.623574144486692
Ireland,2017,OC6,0.06821705426356589
Ireland,2017,OC7,0.08250438853130485
Ireland,2017,OC8,0.11702127659574467
Ireland,2017,OC9,0.23976608187134502
Ireland,2017,TOTAL,0.404423099727262
Ireland,2018,OC0,0.0
Ireland,2018,OC1,0.34192439862542956
Ireland,2018,OC2,0.5213434452871073
Ireland,2018,OC3,0.4057142857142857
Ireland,2018,OC4,0.7094932191291935
Ireland,2018,OC5,0.6021870286576169
Ireland,2018,OC6,0.0
Ireland,2018,OC7,0.06862202545655784
Ireland,2018,OC8,0.12302284710017575
Ireland,2018,OC9,0.26190476190476186
Ireland,2018,TOTAL,0.40995950031373
Ireland,2019,OC0,0.0
Ireland,2019,OC1,0.3360091743119266
Ireland,2019,OC2,0.49144050104384135
Ireland,2019,OC3,0.4192958390489255
Ireland,2019,OC4,0.6923601637107777
Ireland,2019,OC5,0.6040090771558245
Ireland,2019,OC6,0.0
Ireland,2019,OC7,0.06656017039403621
Ireland,2019,OC8,0.12282091917591124
Ireland,2019,OC9,0.28514376996805113
Ireland,2019,TOTAL,0.40035716278810196
Ireland,2020,OC0,0.0
Ireland,2020,OC1,0.355128974205159
Ireland,2020,OC2,0.4907582044511504
Ireland,2020,OC3,0.43958521190261496
Ireland,2020,OC4,0.6956261234272019
Ireland,2020,OC5,0.5797598627787307
Ireland,2020,OC6,0.0
Ireland,2020,OC7,0.07293447293447294
Ireland,2020,OC8,0.1061865189289012
Ireland,2020,OC9,0.23127340823970038
Ireland,2020,TOTAL,0.40847860538827263
Italy,2013,OC0,0.037163605296881674
Italy,2013,OC1,0.2634755177616239
Italy,2013,OC2,0.51962276760851
Italy,2013,OC3,0.33019933453402117
Italy,2013,OC4,0.5795169082125603
Italy,2013,OC5,0.5067559895537641
Italy,2013,OC6,0.1921633036133271
Italy,2013,OC7,0.07351993214588634
Italy,2013,OC8,0.17180043383947938
Italy,2013,OC9,0.3462528887421591
Italy,2013,TOTAL,0.3505883140949787
Italy,2014,OC0,0.01627408993576017
Italy,2014,OC1,0.2637749120750293
Italy,2014,OC2,0.5180112912037881
Italy,2014,OC3,0.3301952055824586
Italy,2014,OC4,0.5771690835408427
Italy,2014,OC5,0.5160962385631989
Italy,2014,OC6,0.19687123947051743
Italy,2014,OC7,0.07380034654690759
Italy,2014,OC8,0.1674104030121322
Italy,2014,OC9,0.32944768248681655
Italy,2014,TOTAL,0.3512015200625908
Italy,2015,OC0,0.017167381974248927
Italy,2015,OC1,0.2393712960577171
Italy,2015,OC2,0.5272720678900413
Italy,2015,OC3,0.3416617033948779
Italy,2015,OC4,0.5761608846699613
Italy,2015,OC5,0.5096677664390393
Italy,2015,OC6,0.20515882493432053
Italy,2015,OC7,0.07634489423386664
Italy,2015,OC8,0.17195945945945945
Italy,2015,OC9,0.31540407402476367
Italy,2015,TOTAL,0.3515164314813065
Italy,2016,OC0,0.0
Italy,2016,OC1,0.2708599132431743
Italy,2016,OC2,0.5271487703920136
Italy,2016,OC3,0.3386235625440037
Italy,2016,OC4,0.573560975609756
Italy,2016,OC5,0.5059812599533351
Italy,2016,OC6,0.20181255526083114
Italy,2016,OC7,0.07873473676582485
Italy,2016,OC8,0.15857897664071188
Italy,2016,OC9,0.29243341026760655
Italy,2016,TOTAL,0.35129083173583686
Italy,2017,OC0,0.015317286652078774
Italy,2017,OC1,0.2624951818065014
Italy,2017,OC2,0.5340276592112003
Italy,2017,OC3,0.3359568315296783
Italy,2017,OC4,0.5658071964594958
Italy,2017,OC5,0.49600403196774423
Italy,2017,OC6,0.18542896050839763
Italy,2017,OC7,0.08113200576347582
Italy,2017,OC8,0.1485502171172433
Italy,2017,OC9,0.2832434442997954
Italy,2017,TOTAL,0.35032316125337476
Italy,2018,OC0,0.02426504899673355
Italy,2018,OC1,0.2722107438016529
Italy,2018,OC2,0.5254139912132477
Italy,2018,OC3,0.3445133381398702
Italy,2018,OC4,0.5676422383516742
Italy,2018,OC5,0.4927966408455803
Italy,2018,OC6,0.18741573033707867
Italy,2018,OC7,0.08638809635595363
Italy,2018,OC8,0.13947368421052633
Italy,2018,OC9,0.30445022932936655
Italy,2018,TOTAL,0.3526521959041357
Italy,2019,OC0,0.04234527687296417
Italy,2019,OC1,0.27397825787807895
Italy,2019,OC2,0.5322184617426504
Italy,2019,OC3,0.34875586520688184
Italy,2019,OC4,0.5759889297132224
Italy,2019,OC5,0.48808747918024475
Italy,2019,OC6,0.1796049609554433
Italy,2019,OC7,0.08508019260707433
Italy,2019,OC8,0.1402264356840813
Italy,2019,OC9,0.27958921694480104
Italy,2019,TOTAL,0.35297447065418946
Italy,2020,OC0,0.05422446406052964
Italy,2020,OC1,0.2675470073202239
Italy,2020,OC2,0.5235828788629978
Italy,2020,OC3,0.3556736769124105
Italy,2020,OC4,0.5669359910977793
Italy,2020,OC5,0.4924904368834306
Italy,2020,OC6,0.20108953102794885
Italy,2020,OC7,0.08774522481250231
Italy,2020,OC8,0.1338265407226369
Italy,2020,OC9,0.2703187525872775
Italy,2020,TOTAL,0.3502100828706344
Latvia,2013,OC0,0.0
Latvia,2013,OC1,0.4313967861557478
Latvia,2013,OC2,0.6562974203338391
Latvia,2013,OC3,0.6141732283464567
Latvia,2013,OC4,0.7647058823529411
Latvia,2013,OC5,0.709727626459144
Latvia,2013,OC6,0.38
Latvia,2013,OC7,0.2044967880085653
Latvia,2013,OC8,0.1244131455399061
Latvia,2013,OC9,0.5
Latvia,2013,TOTAL,0.5015725248458925
Latvia,2014,OC0,0.0
Latvia,2014,OC1,0.4081381011097411
Latvia,2014,OC2,0.6770682148040638
Latvia,2014,OC3,0.626362735381566
Latvia,2014,OC4,0.721774193548387
Latvia,2014,OC5,0.7407108239095316
Latvia,2014,OC6,0.38396624472573837
Latvia,2014,OC7,0.15
Latvia,2014,OC8,0.08343711083437111
Latvia,2014,OC9,0.5070422535211268
Latvia,2014,TOTAL,0.49548434987009776
Latvia,2015,OC0,0.0
Latvia,2015,OC1,0.4437340153452686
Latvia,2015,OC2,0.7066666666666667
Latvia,2015,OC3,0.5739495798319327
Latvia,2015,OC4,0.7020785219399538
Latvia,2015,OC5,0.7548117154811715
Latvia,2015,OC6,0.31935483870967746
Latvia,2015,OC7,0.15064695009242143
Latvia,2015,OC8,0.09336941813261164
Latvia,2015,OC9,0.45645645645645644
Latvia,2015,TOTAL,0.49058924837003326
Latvia,2016,OC0,0.0
Latvia,2016,OC1,0.4851794071762871
Latvia,2016,OC2,0.6913407821229051
Latvia,2016,OC3,0.5676392572944298
Latvia,2016,OC4,0.7142857142857143
Latvia,2016,OC5,0.7527573529411765
Latvia,2016,OC6,0.37623762376237624
Latvia,2016,OC7,0.20296570898980534
Latvia,2016,OC8,0.07692307692307693
Latvia,2016,OC9,0.44129158512720157
Latvia,2016,TOTAL,0.4942989600300714
Latvia,2017,OC0,0.0
Latvia,2017,OC1,0.43478260869565216
Latvia,2017,OC2,0.6942148760330579
Latvia,2017,OC3,0.5456852791878173
Latvia,2017,OC4,0.7433414043583535
Latvia,2017,OC5,0.7057793345008756
Latvia,2017,OC6,0.3490196078431373
Latvia,2017,OC7,0.23149113660062562
Latvia,2017,OC8,0.0646830530401035
Latvia,2017,OC9,0.4633368756641871
Latvia,2017,TOTAL,0.48854769695444245
Latvia,2018,OC0,0.0
Latvia,2018,OC1,0.4715969989281886
Latvia,2018,OC2,0.6866820631254811
Latvia,2018,OC3,0.5859766277128547
Latvia,2018,OC4,0.690631808278867
Latvia,2018,OC5,0.7293729372937294
Latvia,2018,OC6,0.3628691983122363
Latvia,2018,OC7,0.18015414258188825
Latvia,2018,OC8,0.07544910179640718
Latvia,2018,OC9,0.4724137931034483
Latvia,2018,TOTAL,0.49066109609240605
Latvia,2019,OC0,0.0
Latvia,2019,OC1,0.4761306532663317
Latvia,2019,OC2,0.6664184661206254
Latvia,2019,OC3,0.5782145782145782
Latvia,2019,OC4,0.6428571428571428
Latvia,2019,OC5,0.7461139896373058
Latvia,2019,OC6,0.32945736434108525
Latvia,2019,OC7,0.17527862208713274
Latvia,2019,OC8,0.09937106918238994
Latvia,2019,OC9,0.48247422680412366
Latvia,2019,TOTAL,0.48953502945231236
Latvia,2020,OC0,0.0
Latvia,2020,OC1,0.48684210526315796
Latvia,2020,OC2,0.6575443786982249
Latvia,2020,OC3,0.5747538048343778
Latvia,2020,OC4,0.690537084398977
Latvia,2020,OC5,0.7533632286995515
Latvia,2020,OC6,0.2977941176470588
Latvia,2020,OC7,0.19266055045871558
Latvia,2020,OC8,0.09164420485175201
Latvia,2020,OC9,0.4535240040858018
Latvia,2020,TOTAL,0.49105545617173524
Lithuania,2013,OC0,0.0
Lithuania,2013,OC1,0.38549618320610685
Lithuania,2013,OC2,0.7134524243528982
Lithuania,2013,OC3,0.57973174366617
Lithuania,2013,OC4,0.7519181585677749
Lithuania,2013,OC5,0.7352579852579852
Lithuania,2013,OC6,0.3534798534798535
Lithuania,2013,OC7,0.21806674338319906
Lithuania,2013,OC8,0.2013177159590044
Lithuania,2013,OC9,0.4890322580645161
Lithuania,2013,TOTAL,0.5033084128211739
Lithuania,2014,OC0,0.0
Lithuania,2014,OC1,0.3818181818181818
Lithuania,2014,OC2,0.6877977281055332
Lithuania,2014,OC3,0.593872741555381
Lithuania,2014,OC4,0.7101827676240209
Lithuania,2014,OC5,0.7501508750754375
Lithuania,2014,OC6,0.35504885993485347
Lithuania,2014,OC7,0.19752358490566038
Lithuania,2014,OC8,0.2098337950138504
Lithuania,2014,OC9,0.5487661574618097
Lithuania,2014,TOTAL,0.4998297292695386
Lithuania,2015,OC0,0.0
Lithuania,2015,OC1,0.4025157232704402
Lithuania,2015,OC2,0.6811909949164852
Lithuania,2015,OC3,0.5880370682392586
Lithuania,2015,OC4,0.7321063394683026
Lithuania,2015,OC5,0.7282020444978953
Lithuania,2015,OC6,0.3818722139673106
Lithuania,2015,OC7,0.20138888888888887
Lithuania,2015,OC8,0.20224719101123595
Lithuania,2015,OC9,0.5709711846318036
Lithuania,2015,TOTAL,0.5006654466810846
Lithuania,2016,OC0,0.0
Lithuania,2016,OC1,0.40772532188841204
Lithuania,2016,OC2,0.6932729173928198
Lithuania,2016,OC3,0.5634167385677308
Lithuania,2016,OC4,0.7159763313609466
Lithuania,2016,OC5,0.7209302325581395
Lithuania,2016,OC6,0.3517110266159696
Lithuania,2016,OC7,0.18946188340807174
Lithuania,2016,OC8,0.19359534206695778
Lithuania,2016,OC9,0.584390243902439
Lithuania,2016,TOTAL,0.5019623875715453
Lithuania,2017,OC0,0.0
Lithuania,2017,OC1,0.3945701357466063
Lithuania,2017,OC2,0.6783166904422254
Lithuania,2017,OC3,0.5762564991334489
Lithuania,2017,OC4,0.7332123411978221
Lithuania,2017,OC5,0.7387543252595156
Lithuania,2017,OC6,0.32558139534883723
Lithuania,2017,OC7,0.22024471635150167
Lithuania,2017,OC8,0.20655966503838102
Lithuania,2017,OC9,0.5864978902953587
Lithuania,2017,TOTAL,0.5051426675514267
Lithuania,2018,OC0,0.0
Lithuania,2018,OC1,0.4
Lithuania,2018,OC2,0.6679496151154654
Lithuania,2018,OC3,0.5345699831365937
Lithuania,2018,OC4,0.669260700389105
Lithuania,2018,OC5,0.7346820809248554
Lithuania,2018,OC6,0.35670103092783506
Lithuania,2018,OC7,0.2230769230769231
Lithuania,2018,OC8,0.1968557758031442
Lithuania,2018,OC9,0.5194029850746269
Lithuania,2018,TOTAL,0.48982760029414163
Lithuania,2019,OC0,0.0
Lithuania,2019,OC1,0.40547476475620187
Lithuania,2019,OC2,0.6767918088737201
Lithuania,2019,OC3,0.5355612682090831
Lithuania,2019,OC4,0.693950177935943
Lithuania,2019,OC5,0.7315284827975183
Lithuania,2019,OC6,0.3504464285714286
Lithuania,2019,OC7,0.2005420054200542
Lithuania,2019,OC8,0.221681723419041
Lithuania,2019,OC9,0.5029585798816568
Lithuania,2019,TOTAL,0.4937555394408186
Lithuania,2020,OC0,0.0
Lithuania,2020,OC1,0.38331854480922806
Lithuania,2020,OC2,0.6729310913287174
Lithuania,2020,OC3,0.5053852526926264
Lithuania,2020,OC4,0.632688927943761
Lithuania,2020,OC5,0.7278141751042287
Lithuania,2020,OC6,0.4052631578947368
Lithuania,2020,OC7,0.21538461538461537
Lithuania,2020,OC8,0.18188567186340016
Lithuania,2020,OC9,0.5536437246963564
Lithuania,2020,TOTAL,0.4936990363232024
Luxembourg,2013,OC0,0.0
Luxembourg,2013,OC1,0.0
Luxembourg,2013,OC2,0.4210526315789474
Luxembourg,2013,OC3,0.36962025316455693
Luxembourg,2013,OC4,0.46621621621621623
Luxembourg,2013,OC5,0.4913294797687861
Luxembourg,2013,OC6,0.0
Luxembourg,2013,OC7,0.0
Luxembourg,2013,OC8,0.0
Luxembourg,2013,OC9,0.5180722891566264
Luxembourg,2013,TOTAL,0.3574045002616431
Luxembourg,2014,OC0,0.0
Luxembourg,2014,OC1,0.0
Luxembourg,2014,OC2,0.3762597984322509
Luxembourg,2014,OC3,0.35
Luxembourg,2014,OC4,0.5144927536231884
Luxembourg,2014,OC5,0.41304347826086957
Luxembourg,2014,OC6,0.0
Luxembourg,2014,OC7,0.0
Luxembourg,2014,OC8,0.0
Luxembourg,2014,OC9,0.26744186046511625
Luxembourg,2014,TOTAL,0.33333333333333337
Luxembourg,2015,OC0,0.0
Luxembourg,2015,OC1,0.0
Luxembourg,2015,OC2,0.43462017434620176
Luxembourg,2015,OC3,0.3816155988857939
Luxembourg,2015,OC4,0.432258064516129
Luxembourg,2015,OC5,0.4622641509433963
Luxembourg,2015,OC6,0.0
Luxembourg,2015,OC7,0.0
Luxembourg,2015,OC8,0.0
Luxembourg,2015,OC9,0.460431654676259
Luxembourg,2015,TOTAL,0.36591237361579204
Luxembourg,2016,OC0,0.0
Luxembourg,2016,OC1,0.0
Luxembourg,2016,OC2,0.3777490297542044
Luxembourg,2016,OC3,0.37830687830687837
Luxembourg,2016,OC4,0.5030674846625767
Luxembourg,2016,OC5,0.4479166666666667
Luxembourg,2016,OC6,0.0
Luxembourg,2016,OC7,0.0
Luxembourg,2016,OC8,0.0
Luxembourg,2016,OC9,0.48905109489051096
Luxembourg,2016,TOTAL,0.355104015481374
Luxembourg,2017,OC0,0.0
Luxembourg,2017,OC1,0.0
Luxembourg,2017,OC2,0.40540540540540543
Luxembourg,2017,OC3,0.44540229885057475
Luxembourg,2017,OC4,0.40229885057471265
Luxembourg,2017,OC5,0.5888888888888889
Luxembourg,2017,OC6,0.0
Luxembourg,2017,OC7,0.0
Luxembourg,2017,OC8,0.0
Luxembourg,2017,OC9,0.5072463768115941
Luxembourg,2017,TOTAL,0.3718008375988832
Luxembourg,2018,OC0,0.0
Luxembourg,2018,OC1,0.0
Luxembourg,2018,OC2,0.43297746144721233
Luxembourg,2018,OC3,0.4203655352480418
Luxembourg,2018,OC4,0.46590909090909083
Luxembourg,2018,OC5,0.491304347826087
Luxembourg,2018,OC6,0.0
Luxembourg,2018,OC7,0.0
Luxembourg,2018,OC8,0.0
Luxembourg,2018,OC9,0.5827338129496402
Luxembourg,2018,TOTAL,0.3810582481102712
Luxembourg,2019,OC0,0.0
Luxembourg,2019,OC1,0.2058823529411765
Luxembourg,2019,OC2,0.4097421203438395
Luxembourg,2019,OC3,0.44857142857142857
Luxembourg,2019,OC4,0.4840764331210191
Luxembourg,2019,OC5,0.4910714285714286
Luxembourg,2019,OC6,0.0
Luxembourg,2019,OC7,0.0
Luxembourg,2019,OC8,0.0
Luxembourg,2019,OC9,0.56
Luxembourg,2019,TOTAL,0.38292476754015214
Luxembourg,2020,OC0,0.0
Luxembourg,2020,OC1,0.2608695652173913
Luxembourg,2020,OC2,0.4384328358208955
Luxembourg,2020,OC3,0.42492917847025496
Luxembourg,2020,OC4,0.5032679738562091
Luxembourg,2020,OC5,0.4921465968586387
Luxembourg,2020,OC6,0.0
Luxembourg,2020,OC7,0.0
Luxembourg,2020,OC8,0.0
Luxembourg,2020,OC9,0.6058394160583942
Luxembourg,2020,TOTAL,0.4039763113367174
Malta,2013,OC0,0.0
Malta,2013,OC1,0.2606060606060606
Malta,2013,OC2,0.43508771929824563
Malta,2013,OC3,0.3317972350230415
Malta,2013,OC4,0.6170212765957447
Malta,2013,OC5,0.43866171003717475
Malta,2013,OC6,0.0
Malta,2013,OC7,0.0
Malta,2013,OC8,0.22321428571428573
Malta,2013,OC9,0.19672131147540983
Malta,2013,TOTAL,0.3274278215223097
Malta,2014,OC0,0.0
Malta,2014,OC1,0.24861878453038672
Malta,2014,OC2,0.42909090909090913
Malta,2014,OC3,0.331858407079646
Malta,2014,OC4,0.559748427672956
Malta,2014,OC5,0.5
Malta,2014,OC6,0.0
Malta,2014,OC7,0.0
Malta,2014,OC8,0.21774193548387097
Malta,2014,OC9,0.22399999999999998
Malta,2014,TOTAL,0.3352344740177439
Malta,2015,OC0,0.0
Malta,2015,OC1,0.2727272727272727
Malta,2015,OC2,0.48920863309352514
Malta,2015,OC3,0.35497835497835495
Malta,2015,OC4,0.48663101604278075
Malta,2015,OC5,0.525974025974026
Malta,2015,OC6,0.0
Malta,2015,OC7,0.0
Malta,2015,OC8,0.1826086956521739
Malta,2015,OC9,0.23448275862068965
Malta,2015,TOTAL,0.3476190476190476
Malta,2016,OC0,0.0
Malta,2016,OC1,0.25824175824175827
Malta,2016,OC2,0.4786885245901639
Malta,2016,OC3,0.3233082706766917
Malta,2016,OC4,0.5178571428571428
Malta,2016,OC5,0.5181058495821728
Malta,2016,OC6,0.0
Malta,2016,OC7,0.0
Malta,2016,OC8,0.1724137931034483
Malta,2016,OC9,0.2158273381294964
Malta,2016,TOTAL,0.3459796149490374
Malta,2017,OC0,0.0
Malta,2017,OC1,0.3
Malta,2017,OC2,0.45994065281899105
Malta,2017,OC3,0.32363636363636367
Malta,2017,OC4,0.5064935064935064
Malta,2017,OC5,0.5260273972602739
Malta,2017,OC6,0.0
Malta,2017,OC7,0.0
Malta,2017,OC8,0.2380952380952381
Malta,2017,OC9,0.23225806451612904
Malta,2017,TOTAL,0.34854994629430724
Malta,2018,OC0,0.0
Malta,2018,OC1,0.2772727272727273
Malta,2018,OC2,0.47721179624664883
Malta,2018,OC3,0.3377049180327869
Malta,2018,OC4,0.5277777777777778
Malta,2018,OC5,0.47938144329896915
Malta,2018,OC6,0.0
Malta,2018,OC7,0.0
Malta,2018,OC8,0.28703703703703703
Malta,2018,OC9,0.2903225806451613
Malta,2018,TOTAL,0.3613738178198108
Malta,2019,OC0,0.0
Malta,2019,OC1,0.29460580912863066
Malta,2019,OC2,0.516355140186916
Malta,2019,OC3,0.2761627906976744
Malta,2019,OC4,0.5219298245614035
Malta,2019,OC5,0.5368956743002545
Malta,2019,OC6,0.0
Malta,2019,OC7,0.0
Malta,2019,OC8,0.2792792792792793
Malta,2019,OC9,0.27976190476190477
Malta,2019,TOTAL,0.36856617647058826
Malta,2020,OC0,0.0
Malta,2020,OC1,0.30337078651685395
Malta,2020,OC2,0.4430894308943089
Malta,2020,OC3,0.29721362229102166
Malta,2020,OC4,0.5301204819277109
Malta,2020,OC5,0.5089058524173028
Malta,2020,OC6,0.0
Malta,2020,OC7,0.0
Malta,2020,OC8,0.0
Malta,2020,OC9,0.36708860759493667
Malta,2020,TOTAL,0.3599109131403118
Netherlands,2013,OC0,0.0
Netherlands,2013,OC1,0.17586361597128758
Netherlands,2013,OC2,0.279666512274201
Netherlands,2013,OC3,0.25221103995120464
Netherlands,2013,OC4,0.32315757015109464
Netherlands,2013,OC5,0.35192401363857767
Netherlands,2013,OC6,0.06952965235173825
Netherlands,2013,OC7,0.02020763811642566
Netherlands,2013,OC8,0.040452370595911266
Netherlands,2013,OC9,0.14709371293001186
Netherlands,2013,TOTAL,0.21277853009971687
Netherlands,2014,OC0,0.08955223880597014
Netherlands,2014,OC1,0.173542600896861
Netherlands,2014,OC2,0.27820922795797165
Netherlands,2014,OC3,0.24558508004621227
Netherlands,2014,OC4,0.3253943705536653
Netherlands,2014,OC5,0.33647798742138363
Netherlands,2014,OC6,0.1037567084078712
Netherlands,2014,OC7,0.025565024082993704
Netherlands,2014,OC8,0.042499999999999996
Netherlands,2014,OC9,0.1744047619047619
Netherlands,2014,TOTAL,0.2122256664600124
Netherlands,2015,OC0,0.09714285714285714
Netherlands,2015,OC1,0.19752498810090433
Netherlands,2015,OC2,0.2684462575381341
Netherlands,2015,OC3,0.2659212445308702
Netherlands,2015,OC4,0.32236633976589685
Netherlands,2015,OC5,0.34789719626168225
Netherlands,2015,OC6,0.08274021352313167
Netherlands,2015,OC7,0.028118882363409863
Netherlands,2015,OC8,0.05054945054945055
Netherlands,2015,OC9,0.1735895846249225
Netherlands,2015,TOTAL,0.21674037107493144
Netherlands,2016,OC0,0.0
Netherlands,2016,OC1,0.1821882951653944
Netherlands,2016,OC2,0.2876979087291508
Netherlands,2016,OC3,0.24685997829120793
Netherlands,2016,OC4,0.3315977871786528
Netherlands,2016,OC5,0.34048129616392664
Netherlands,2016,OC6,0.1016652059596845
Netherlands,2016,OC7,0.029596100278551533
Netherlands,2016,OC8,0.05353494074376788
Netherlands,2016,OC9,0.16170461179217746
Netherlands,2016,TOTAL,0.2177364536803263
Netherlands,2017,OC0,0.12716763005780346
Netherlands,2017,OC1,0.1847707423580786
Netherlands,2017,OC2,0.29217593747401677
Netherlands,2017,OC3,0.2724505327245053
Netherlands,2017,OC4,0.3477862595419848
Netherlands,2017,OC5,0.3410817031070195
Netherlands,2017,OC6,0.10233393177737882
Netherlands,2017,OC7,0.03204106921579041
Netherlands,2017,OC8,0.042643104110641566
Netherlands,2017,OC9,0.18909512761020883
Netherlands,2017,TOTAL,0.22645295368224924
Netherlands,2018,OC0,0.10212765957446808
Netherlands,2018,OC1,0.18429003021148033
Netherlands,2018,OC2,0.29255404323458767
Netherlands,2018,OC3,0.25983105155840375
Netherlands,2018,OC4,0.3316998468606432
Netherlands,2018,OC5,0.334724153917478
Netherlands,2018,OC6,0.10131332082551596
Netherlands,2018,OC7,0.03708634461772537
Netherlands,2018,OC8,0.04940635771734967
Netherlands,2018,OC9,0.1876056338028169
Netherlands,2018,TOTAL,0.22752224115086128
Netherlands,2019,OC0,0.0
Netherlands,2019,OC1,0.1916062952785411
Netherlands,2019,OC2,0.30410772373099326
Netherlands,2019,OC3,0.2702078521939954
Netherlands,2019,OC4,0.3141118516372066
Netherlands,2019,OC5,0.34981992797118844
Netherlands,2019,OC6,0.1084010840108401
Netherlands,2019,OC7,0.03904923599320882
Netherlands,2019,OC8,0.06184012066365007
Netherlands,2019,OC9,0.20067453625632378
Netherlands,2019,TOTAL,0.23529411764705882
Netherlands,2020,OC0,0.0
Netherlands,2020,OC1,0.19209914794732766
Netherlands,2020,OC2,0.30595728737354816
Netherlands,2020,OC3,0.2647689886997568
Netherlands,2020,OC4,0.32138480392156865
Netherlands,2020,OC5,0.34670210195699447
Netherlands,2020,OC6,0.09906542056074766
Netherlands,2020,OC7,0.039671408535363654
Netherlands,2020,OC8,0.03419859909353111
Netherlands,2020,OC9,0.17571690054911532
Netherlands,2020,TOTAL,0.23458271570080702
Poland,2013,OC0,0.0
Poland,2013,OC1,0.383727089734082
Poland,2013,OC2,0.6167266049429948
Poland,2013,OC3,0.5069555582912717
Poland,2013,OC4,0.6243984097091442
Poland,2013,OC5,0.6186471473809895
Poland,2013,OC6,0.3930053349140486
Poland,2013,OC7,0.11490125673249552
Poland,2013,OC8,0.13361182519280207
Poland,2013,OC9,0.551716475947117
Poland,2013,TOTAL,0.42824333368558243
Poland,2014,OC0,0.0
Poland,2014,OC1,0.3959875549833709
Poland,2014,OC2,0.6193623781178103
Poland,2014,OC3,0.5137460040685847
Poland,2014,OC4,0.6303783783783784
Poland,2014,OC5,0.6185152290893894
Poland,2014,OC6,0.3741925561365734
Poland,2014,OC7,0.12132596685082873
Poland,2014,OC8,0.13467710874309927
Poland,2014,OC9,0.5576923076923077
Poland,2014,TOTAL,0.4314549515387238
Poland,2015,OC0,0.0
Poland,2015,OC1,0.3966872837823671
Poland,2015,OC2,0.6230095961193716
Poland,2015,OC3,0.507895602588003
Poland,2015,OC4,0.6094335463962971
Poland,2015,OC5,0.6492234798631219
Poland,2015,OC6,0.3810799073537927
Poland,2015,OC7,0.11618735321487128
Poland,2015,OC8,0.146065973559235
Poland,2015,OC9,0.5674132138857783
Poland,2015,TOTAL,0.43701380603374806
Poland,2016,OC0,0.0
Poland,2016,OC1,0.41542367502380195
Poland,2016,OC2,0.6269750889679715
Poland,2016,OC3,0.5017593613780789
Poland,2016,OC4,0.595665904388544
Poland,2016,OC5,0.6630384077126419
Poland,2016,OC6,0.37692013756209397
Poland,2016,OC7,0.12050812055074811
Poland,2016,OC8,0.14504280250136606
Poland,2016,OC9,0.5701958181214736
Poland,2016,TOTAL,0.43644633477120415
Poland,2017,OC0,0.0
Poland,2017,OC1,0.420192619846337
Poland,2017,OC2,0.6076753933896791
Poland,2017,OC3,0.5124574744846908
Poland,2017,OC4,0.6098353780014679
Poland,2017,OC5,0.6607190698172855
Poland,2017,OC6,0.3728545440164518
Poland,2017,OC7,0.11487469348738621
Poland,2017,OC8,0.15982035928143712
Poland,2017,OC9,0.5903786878027301
Poland,2017,TOTAL,0.43662915238051025
Poland,2018,OC0,0.0
Poland,2018,OC1,0.4382465981094837
Poland,2018,OC2,0.6060178037644122
Poland,2018,OC3,0.49980059820538386
Poland,2018,OC4,0.6251819505094615
Poland,2018,OC5,0.6585099750623442
Poland,2018,OC6,0.3541613533962425
Poland,2018,OC7,0.10486284289276808
Poland,2018,OC8,0.15484993475424097
Poland,2018,OC9,0.6086905322656617
Poland,2018,TOTAL,0.43754830271684203
Poland,2019,OC0,0.05436720142602495
Poland,2019,OC1,0.4405666187641141
Poland,2019,OC2,0.6098393511414524
Poland,2019,OC3,0.4985752137179423
Poland,2019,OC4,0.613771186440678
Poland,2019,OC5,0.6499586435070306
Poland,2019,OC6,0.3821130761477137
Poland,2019,OC7,0.10384520174931924
Poland,2019,OC8,0.15696839080459768
Poland,2019,OC9,0.6115330158321535
Poland,2019,TOTAL,0.4358483694752524
Poland,2020,OC0,0.0
Poland,2020,OC1,0.44335277863064165
Poland,2020,OC2,0.6152182334710744
Poland,2020,OC3,0.4865300146412884
Poland,2020,OC4,0.5631791369140019
Poland,2020,OC5,0.6562713797035348
Poland,2020,OC6,0.35169273070974394
Poland,2020,OC7,0.11133442197378887
Poland,2020,OC8,0.13772681451612903
Poland,2020,OC9,0.6035869708558618
Poland,2020,TOTAL,0.43023660869798225
Portugal,2013,OC0,0.0
Portugal,2013,OC1,0.34391143911439115
Portugal,2013,OC2,0.612152661533311
Portugal,2013,OC3,0.4360719494409334
Portugal,2013,OC4,0.6214937478878
Portugal,2013,OC5,0.6099711202310382
Portugal,2013,OC6,0.3250975292587776
Portugal,2013,OC7,0.14779270633397312
Portugal,2013,OC8,0.354178674351585
Portugal,2013,OC9,0.6710189452124936
Portugal,2013,TOTAL,0.4732984578497085
Portugal,2014,OC0,0.0
Portugal,2014,OC1,0.361247947454844
Portugal,2014,OC2,0.6022202998846597
Portugal,2014,OC3,0.4304258710999772
Portugal,2014,OC4,0.658004778972521
Portugal,2014,OC5,0.6280674846625767
Portugal,2014,OC6,0.32189168573607935
Portugal,2014,OC7,0.15322738865999608
Portugal,2014,OC8,0.32848610750454427
Portugal,2014,OC9,0.6515899122807017
Portugal,2014,TOTAL,0.47797971369716563
Portugal,2015,OC0,0.0
Portugal,2015,OC1,0.3258189503346249
Portugal,2015,OC2,0.6019639494215766
Portugal,2015,OC3,0.46265162800595877
Portugal,2015,OC4,0.6437134952351675
Portugal,2015,OC5,0.6426638604930848
Portugal,2015,OC6,0.3046566692975533
Portugal,2015,OC7,0.1479130602038854
Portugal,2015,OC8,0.34905903583397785
Portugal,2015,OC9,0.6523676880222841
Portugal,2015,TOTAL,0.4814691664322071
Portugal,2016,OC0,0.0
Portugal,2016,OC1,0.3654209135522839
Portugal,2016,OC2,0.5897084986998767
Portugal,2016,OC3,0.46095571095571103
Portugal,2016,OC4,0.6555928070710149
Portugal,2016,OC5,0.6328408140507388
Portugal,2016,OC6,0.27049180327868855
Portugal,2016,OC7,0.14625914119632477
Portugal,2016,OC8,0.3365334717176959
Portugal,2016,OC9,0.6229923922231615
Portugal,2016,TOTAL,0.47840028277829677
Portugal,2017,OC0,0.0
Portugal,2017,OC1,0.34389312977099235
Portugal,2017,OC2,0.6045866935483871
Portugal,2017,OC3,0.46385306760453304
Portugal,2017,OC4,0.6227106227106227
Portugal,2017,OC5,0.6293247767857144
Portugal,2017,OC6,0.25048732943469787
Portugal,2017,OC7,0.14924358320584735
Portugal,2017,OC8,0.34360313315926894
Portugal,2017,OC9,0.6322882288228823
Portugal,2017,TOTAL,0.4778586075578557
Portugal,2018,OC0,0.0
Portugal,2018,OC1,0.3585858585858586
Portugal,2018,OC2,0.6065747613997878
Portugal,2018,OC3,0.457623839009288
Portugal,2018,OC4,0.662727010665898
Portugal,2018,OC5,0.6462021343377277
Portugal,2018,OC6,0.22894985808893092
Portugal,2018,OC7,0.1410558170813719
Portugal,2018,OC8,0.33723767691556855
Portugal,2018,OC9,0.6312135517911691
Portugal,2018,TOTAL,0.4851196767904541
Portugal,2019,OC0,0.0
Portugal,2019,OC1,0.38384998086490624
Portugal,2019,OC2,0.5816467341306347
Portugal,2019,OC3,0.4381543233811555
Portugal,2019,OC4,0.6586934156378601
Portugal,2019,OC5,0.6622499999999999
Portugal,2019,OC6,0.24148003894839337
Portugal,2019,OC7,0.14457831325301207
Portugal,2019,OC8,0.3233547748639287
Portugal,2019,OC9,0.6497607655502392
Portugal,2019,TOTAL,0.4841234504253275
Portugal,2020,OC0,0.0
Portugal,2020,OC1,0.37911869789599045
Portugal,2020,OC2,0.5943831064422768
Portugal,2020,OC3,0.42558908639933857
Portugal,2020,OC4,0.6334841628959276
Portugal,2020,OC5,0.643920282542886
Portugal,2020,OC6,0.2515400410677618
Portugal,2020,OC7,0.15831284282201627
Portugal,2020,OC8,0.3130269241229263
Portugal,2020,OC9,0.6212495587716201
Portugal,2020,TOTAL,0.4861528837130964
Romania,2013,OC0,0.0
Romania,2013,OC1,0.32838283828382836
Romania,2013,OC2,0.5793404991801786
Romania,2013,OC3,0.564936376489598
Romania,2013,OC4,0.6435539151067756
Romania,2013,OC5,0.6101240960628516
Romania,2013,OC6,0.44431996414967506
Romania,2013,OC7,0.22768514928266773
Romania,2013,OC8,0.23152086446718015
Romania,2013,OC9,0.4424544463479209
Romania,2013,TOTAL,0.43784598556698284
Romania,2014,OC0,0.0
Romania,2014,OC1,0.3661631419939577
Romania,2014,OC2,0.5819015921561572
Romania,2014,OC3,0.5288556233996454
Romania,2014,OC4,0.6246092639954534
Romania,2014,OC5,0.5968237704918032
Romania,2014,OC6,0.4430303486708336
Romania,2014,OC7,0.2275318829707427
Romania,2014,OC8,0.23817399933840555
Romania,2014,OC9,0.4172603626943005
Romania,2014,TOTAL,0.43167389694212255
Romania,2015,OC0,0.0
Romania,2015,OC1,0.3134171907756813
Romania,2015,OC2,0.5688455076406113
Romania,2015,OC3,0.5418227215980024
Romania,2015,OC4,0.6187904967602592
Romania,2015,OC5,0.6012807003323336
Romania,2015,OC6,0.42120979438614453
Romania,2015,OC7,0.20738218679873094
Romania,2015,OC8,0.24190857524190856
Romania,2015,OC9,0.4228509585652443
Romania,2015,TOTAL,0.4287161806505948
Romania,2016,OC0,0.0
Romania,2016,OC1,0.33835845896147404
Romania,2016,OC2,0.5616232067844971
Romania,2016,OC3,0.5587744893705711
Romania,2016,OC4,0.620633631194151
Romania,2016,OC5,0.5993406770121411
Romania,2016,OC6,0.41389040597123616
Romania,2016,OC7,0.21325474193304617
Romania,2016,OC8,0.2416385227148927
Romania,2016,OC9,0.4101438304314913
Romania,2016,TOTAL,0.4274584122973258
Romania,2017,OC0,0.12685337726523888
Romania,2017,OC1,0.28654970760233917
Romania,2017,OC2,0.5820285908781484
Romania,2017,OC3,0.5374617737003058
Romania,2017,OC4,0.6385862987170177
Romania,2017,OC5,0.6143922909543053
Romania,2017,OC6,0.43107201950709745
Romania,2017,OC7,0.22246111947251487
Romania,2017,OC8,0.23689577809504386
Romania,2017,OC9,0.3963525835866262
Romania,2017,TOTAL,0.4350902818000957
Romania,2018,OC0,0.15169366715758467
Romania,2018,OC1,0.2954104718810602
Romania,2018,OC2,0.5745584110378289
Romania,2018,OC3,0.5114403600900225
Romania,2018,OC4,0.6102178423236514
Romania,2018,OC5,0.6237306670832682
Romania,2018,OC6,0.4249769585253456
Romania,2018,OC7,0.22394755003450656
Romania,2018,OC8,0.22147651006711408
Romania,2018,OC9,0.3871071199486851
Romania,2018,TOTAL,0.4261590575863289
Romania,2019,OC0,0.0
Romania,2019,OC1,0.36245772266065385
Romania,2019,OC2,0.5627854736053912
Romania,2019,OC3,0.5049556598852373
Romania,2019,OC4,0.6496617812852311
Romania,2019,OC5,0.6440028166810109
Romania,2019,OC6,0.42201377108073046
Romania,2019,OC7,0.20863724994583663
Romania,2019,OC8,0.2118313158922296
Romania,2019,OC9,0.3737870358390477
Romania,2019,TOTAL,0.42460800682928057
Romania,2020,OC0,0.12130177514792899
Romania,2020,OC1,0.3895253682487725
Romania,2020,OC2,0.5804889479028353
Romania,2020,OC3,0.5117894352038018
Romania,2020,OC4,0.5965103598691385
Romania,2020,OC5,0.649061848505907
Romania,2020,OC6,0.401244988394176
Romania,2020,OC7,0.2031213238177398
Romania,2020,OC8,0.200354609929078
Romania,2020,OC9,0.3703601869672807
Romania,2020,TOTAL,0.4249137013678009
Slovakia,2013,OC0,0.0
Slovakia,2013,OC1,0.3443344334433443
Slovakia,2013,OC2,0.5823293172690763
Slovakia,2013,OC3,0.5023205023205023
Slovakia,2013,OC4,0.7191679049034174
Slovakia,2013,OC5,0.6237327188940092
Slovakia,2013,OC6,0.2557251908396947
Slovakia,2013,OC7,0.10263089346183903
Slovakia,2013,OC8,0.23604614904895543
Slovakia,2013,OC9,0.4929343308395677
Slovakia,2013,TOTAL,0.4342797532656023
Slovakia,2014,OC0,0.0
Slovakia,2014,OC1,0.30426164519326065
Slovakia,2014,OC2,0.5805369127516778
Slovakia,2014,OC3,0.529066517607602
Slovakia,2014,OC4,0.6878306878306878
Slovakia,2014,OC5,0.6159687068568799
Slovakia,2014,OC6,0.23773584905660378
Slovakia,2014,OC7,0.11831357048748353
Slovakia,2014,OC8,0.23151222456987625
Slovakia,2014,OC9,0.5254777070063694
Slovakia,2014,TOTAL,0.4349525906619332
Slovakia,2015,OC0,0.0
Slovakia,2015,OC1,0.3237668161434978
Slovakia,2015,OC2,0.5856832971800433
Slovakia,2015,OC3,0.5067039106145251
Slovakia,2015,OC4,0.6843989769820973
Slovakia,2015,OC5,0.6031220435193945
Slovakia,2015,OC6,0.19327731092436973
Slovakia,2015,OC7,0.11902855617827596
Slovakia,2015,OC8,0.24816072439162423
Slovakia,2015,OC9,0.5432656132430399
Slovakia,2015,TOTAL,0.4325507361719061
Slovakia,2016,OC0,0.0
Slovakia,2016,OC1,0.3531669865642994
Slovakia,2016,OC2,0.6107038123167154
Slovakia,2016,OC3,0.48663816141101013
Slovakia,2016,OC4,0.6773593677359367
Slovakia,2016,OC5,0.6165637153969343
Slovakia,2016,OC6,0.1532567049808429
Slovakia,2016,OC7,0.12317167051578137
Slovakia,2016,OC8,0.24640883977900555
Slovakia,2016,OC9,0.5191740412979352
Slovakia,2016,TOTAL,0.4352344957911012
Slovakia,2017,OC0,0.0
Slovakia,2017,OC1,0.3160377358490566
Slovakia,2017,OC2,0.6039739636861939
Slovakia,2017,OC3,0.4803921568627451
Slovakia,2017,OC4,0.6854764107308048
Slovakia,2017,OC5,0.632940632940633
Slovakia,2017,OC6,0.22535211267605632
Slovakia,2017,OC7,0.1182204448887778
Slovakia,2017,OC8,0.27114967462039047
Slovakia,2017,OC9,0.5336640680368533
Slovakia,2017,TOTAL,0.4403023097826087
Slovakia,2018,OC0,0.0
Slovakia,2018,OC1,0.31822565091610416
Slovakia,2018,OC2,0.6080436264485345
Slovakia,2018,OC3,0.47273649505452703
Slovakia,2018,OC4,0.7260083449235049
Slovakia,2018,OC5,0.6108276015087641
Slovakia,2018,OC6,0.21327014218009477
Slovakia,2018,OC7,0.10193050193050193
Slovakia,2018,OC8,0.27085620197585075
Slovakia,2018,OC9,0.4832869080779945
Slovakia,2018,TOTAL,0.4370866471326915
Slovakia,2019,OC0,0.0
Slovakia,2019,OC1,0.32872253864930834
Slovakia,2019,OC2,0.6088289393010423
Slovakia,2019,OC3,0.4650502966210988
Slovakia,2019,OC4,0.687089715536105
Slovakia,2019,OC5,0.6302214106368409
Slovakia,2019,OC6,0.22916666666666666
Slovakia,2019,OC7,0.14594594594594595
Slovakia,2019,OC8,0.2507400828892836
Slovakia,2019,OC9,0.5038819875776398
Slovakia,2019,TOTAL,0.4420478492624272
Slovakia,2020,OC0,0.0
Slovakia,2020,OC1,0.39555555555555555
Slovakia,2020,OC2,0.5945706698141044
Slovakia,2020,OC3,0.4763567974207416
Slovakia,2020,OC4,0.7040242319342276
Slovakia,2020,OC5,0.6082033215903372
Slovakia,2020,OC6,0.0
Slovakia,2020,OC7,0.13936701832315382
Slovakia,2020,OC8,0.2480597014925373
Slovakia,2020,OC9,0.4912434325744308
Slovakia,2020,TOTAL,0.44541884816753924
Slovenia,2013,OC0,0.0
Slovenia,2013,OC1,0.3862275449101797
Slovenia,2013,OC2,0.6012269938650306
Slovenia,2013,OC3,0.47291092745638197
Slovenia,2013,OC4,0.5634782608695652
Slovenia,2013,OC5,0.5953079178885631
Slovenia,2013,OC6,0.3595166163141994
Slovenia,2013,OC7,0.0994671403197158
Slovenia,2013,OC8,0.2629674306393245
Slovenia,2013,OC9,0.5760000000000001
Slovenia,2013,TOTAL,0.4412276341948311
Slovenia,2014,OC0,0.0
Slovenia,2014,OC1,0.3771812080536913
Slovenia,2014,OC2,0.5908319185059423
Slovenia,2014,OC3,0.4744058500914076
Slovenia,2014,OC4,0.5747747747747748
Slovenia,2014,OC5,0.5997963340122199
Slovenia,2014,OC6,0.3447293447293447
Slovenia,2014,OC7,0.10720268006700168
Slovenia,2014,OC8,0.2764227642276423
Slovenia,2014,OC9,0.5894736842105263
Slovenia,2014,TOTAL,0.4381533101045296
Slovenia,2015,OC0,0.0
Slovenia,2015,OC1,0.33996937212863704
Slovenia,2015,OC2,0.5894245723172629
Slovenia,2015,OC3,0.49032882011605416
Slovenia,2015,OC4,0.549828178694158
Slovenia,2015,OC5,0.5741998060135791
Slovenia,2015,OC6,0.3127147766323024
Slovenia,2015,OC7,0.10535259133389975
Slovenia,2015,OC8,0.27977839335180055
Slovenia,2015,OC9,0.582441113490364
Slovenia,2015,TOTAL,0.4369903632320237
Slovenia,2016,OC0,0.0
Slovenia,2016,OC1,0.38041733547351525
Slovenia,2016,OC2,0.6192468619246863
Slovenia,2016,OC3,0.4932821497120921
Slovenia,2016,OC4,0.5465517241379311
Slovenia,2016,OC5,0.6005560704355885
Slovenia,2016,OC6,0.29437229437229434
Slovenia,2016,OC7,0.11162790697674418
Slovenia,2016,OC8,0.2654028436018957
Slovenia,2016,OC9,0.647982062780269
Slovenia,2016,TOTAL,0.4459574468085106
Slovenia,2017,OC0,0.0
Slovenia,2017,OC1,0.4150375939849624
Slovenia,2017,OC2,0.6006339144215531
Slovenia,2017,OC3,0.4661590524534687
Slovenia,2017,OC4,0.5306799336650083
Slovenia,2017,OC5,0.575875486381323
Slovenia,2017,OC6,0.26940639269406397
Slovenia,2017,OC7,0.13291634089132134
Slovenia,2017,OC8,0.26687435098650053
Slovenia,2017,OC9,0.629399585921325
Slovenia,2017,TOTAL,0.43951231060606066
Slovenia,2018,OC0,0.0
Slovenia,2018,OC1,0.35890014471780035
Slovenia,2018,OC2,0.5826693227091633
Slovenia,2018,OC3,0.4717138103161398
Slovenia,2018,OC4,0.5235204855842185
Slovenia,2018,OC5,0.5596244131455399
Slovenia,2018,OC6,0.3018867924528302
Slovenia,2018,OC7,0.13531353135313529
Slovenia,2018,OC8,0.27544247787610615
Slovenia,2018,OC9,0.6161825726141078
Slovenia,2018,TOTAL,0.4350243224461432
Slovenia,2019,OC0,0.0
Slovenia,2019,OC1,0.40988372093023256
Slovenia,2019,OC2,0.5835694050991501
Slovenia,2019,OC3,0.4774247491638796
Slovenia,2019,OC4,0.49051490514905155
Slovenia,2019,OC5,0.585907335907336
Slovenia,2019,OC6,0.33593749999999994
Slovenia,2019,OC7,0.1304029304029304
Slovenia,2019,OC8,0.2934010152284264
Slovenia,2019,OC9,0.6146572104018913
Slovenia,2019,TOTAL,0.43729003359462487
Slovenia,2020,OC0,0.0
Slovenia,2020,OC1,0.3774104683195592
Slovenia,2020,OC2,0.5840468679585399
Slovenia,2020,OC3,0.45759865659109994
Slovenia,2020,OC4,0.5542691751085383
Slovenia,2020,OC5,0.6403242147923
Slovenia,2020,OC6,0.34615384615384615
Slovenia,2020,OC7,0.10239651416122005
Slovenia,2020,OC8,0.27128263337116915
Slovenia,2020,OC9,0.6211340206185568
Slovenia,2020,TOTAL,0.4384510560981149
Spain,2013,OC0,0.0656506447831184
Spain,2013,OC1,0.2849562218094986
Spain,2013,OC2,0.5429917106254709
Spain,2013,OC3,0.3565371240314807
Spain,2013,OC4,0.6076501195331178
Spain,2013,OC5,0.5441931127616476
Spain,2013,OC6,0.18150346191889222
Spain,2013,OC7,0.06463899943149518
Spain,2013,OC8,0.11956521739130435
Spain,2013,OC9,0.5160860727553094
Spain,2013,TOTAL,0.40489600022388117
Spain,2014,OC0,0.149364406779661
Spain,2014,OC1,0.29160262679893806
Spain,2014,OC2,0.5317080638371158
Spain,2014,OC3,0.3695652173913043
Spain,2014,OC4,0.6263554615181168
Spain,2014,OC5,0.5282047876755537
Spain,2014,OC6,0.16826680141485598
Spain,2014,OC7,0.07059895240264176
Spain,2014,OC8,0.11420938387042913
Spain,2014,OC9,0.5029581581010764
Spain,2014,TOTAL,0.4035296973059187
Spain,2015,OC0,0.12008978675645342
Spain,2015,OC1,0.30494995200877556
Spain,2015,OC2,0.5369605311693102
Spain,2015,OC3,0.3640975943450006
Spain,2015,OC4,0.6333290372470679
Spain,2015,OC5,0.5254661209640746
Spain,2015,OC6,0.1732084071916941
Spain,2015,OC7,0.07397039030955586
Spain,2015,OC8,0.11373660995589163
Spain,2015,OC9,0.4957615894039735
Spain,2015,TOTAL,0.4032490081024481
Spain,2016,OC0,0.07766990291262135
Spain,2016,OC1,0.30379928315412186
Spain,2016,OC2,0.545017633635295
Spain,2016,OC3,0.37526275030423717
Spain,2016,OC4,0.634890925519556
Spain,2016,OC5,0.5318267299907563
Spain,2016,OC6,0.1686367218282112
Spain,2016,OC7,0.06838536004555572
Spain,2016,OC8,0.11774268462610311
Spain,2016,OC9,0.4852840944296425
Spain,2016,TOTAL,0.4067080503103773
Spain,2017,OC0,0.1003627569528416
Spain,2017,OC1,0.3008801624915369
Spain,2017,OC2,0.5420063444417915
Spain,2017,OC3,0.3697646804835924
Spain,2017,OC4,0.6321940185976377
Spain,2017,OC5,0.5360534312484173
Spain,2017,OC6,0.17037387600567913
Spain,2017,OC7,0.06991902034366976
Spain,2017,OC8,0.12894930198383542
Spain,2017,OC9,0.48501827040194884
Spain,2017,TOTAL,0.4042360711325923
Spain,2018,OC0,0.10667903525046382
Spain,2018,OC1,0.30708024275118
Spain,2018,OC2,0.5386139278758982
Spain,2018,OC3,0.37510407993338885
Spain,2018,OC4,0.6423723812334022
Spain,2018,OC5,0.5336612357823548
Spain,2018,OC6,0.185246679316888
Spain,2018,OC7,0.07433730311179408
Spain,2018,OC8,0.1231408573928259
Spain,2018,OC9,0.4698469329036713
Spain,2018,TOTAL,0.4050827713059473
Spain,2019,OC0,0.10720562390158171
Spain,2019,OC1,0.3185864950006848
Spain,2019,OC2,0.5449785219327125
Spain,2019,OC3,0.3680953355155483
Spain,2019,OC4,0.6441900400686892
Spain,2019,OC5,0.5395303683028942
Spain,2019,OC6,0.17543436293436296
Spain,2019,OC7,0.07202455164476838
Spain,2019,OC8,0.11951168759103836
Spain,2019,OC9,0.46773913546669754
Spain,2019,TOTAL,0.4077467023525115
Spain,2020,OC0,0.08826291079812207
Spain,2020,OC1,0.33411010777745415
Spain,2020,OC2,0.5496834657398212
Spain,2020,OC3,0.37697572504800825
Spain,2020,OC4,0.6429337464251668
Spain,2020,OC5,0.5307039440838742
Spain,2020,OC6,0.16843783209351754
Spain,2020,OC7,0.07351290684624018
Spain,2020,OC8,0.13008070432868674
Spain,2020,OC9,0.4742308703655009
Spain,2020,TOTAL,0.410995404475151
Sweden,2013,OC0,0.0
Sweden,2013,OC1,0.3431372549019608
Sweden,2013,OC2,0.5212977267711322
Sweden,2013,OC3,0.40268767377201115
Sweden,2013,OC4,0.6385416666666667
Sweden,2013,OC5,0.5760359256991223
Sweden,2013,OC6,0.24319419237749546
Sweden,2013,OC7,0.05184493227463802
Sweden,2013,OC8,0.14793082149474984
Sweden,2013,OC9,0.46281714785651795
Sweden,2013,TOTAL,0.39743962758219376
Sweden,2014,OC0,0.0
Sweden,2014,OC1,0.37037037037037035
Sweden,2014,OC2,0.5263270777479893
Sweden,2014,OC3,0.39061089377068914
Sweden,2014,OC4,0.6396120469627361
Sweden,2014,OC5,0.5778061224489797
Sweden,2014,OC6,0.2628099173553719
Sweden,2014,OC7,0.05040840140023337
Sweden,2014,OC8,0.130130448615972
Sweden,2014,OC9,0.4451939291736931
Sweden,2014,TOTAL,0.3971604545585981
Sweden,2015,OC0,0.0
Sweden,2015,OC1,0.383892068683565
Sweden,2015,OC2,0.5378168649767201
Sweden,2015,OC3,0.3865767878077374
Sweden,2015,OC4,0.6219864995178399
Sweden,2015,OC5,0.5791396103896104
Sweden,2015,OC6,0.23390894819466249
Sweden,2015,OC7,0.046582397003745314
Sweden,2015,OC8,0.13051146384479717
Sweden,2015,OC9,0.4251082251082251
Sweden,2015,TOTAL,0.403984268125855
Sweden,2016,OC0,0.0
Sweden,2016,OC1,0.3811764705882353
Sweden,2016,OC2,0.5432276657060519
Sweden,2016,OC3,0.3910318897089542
Sweden,2016,OC4,0.5730129390018485
Sweden,2016,OC5,0.5579886455798865
Sweden,2016,OC6,0.24247491638795987
Sweden,2016,OC7,0.05217600384707863
Sweden,2016,OC8,0.1285289747399703
Sweden,2016,OC9,0.43304347826086953
Sweden,2016,TOTAL,0.4066997587421314
Sweden,2017,OC0,0.0
Sweden,2017,OC1,0.3825925925925926
Sweden,2017,OC2,0.537203901532745
Sweden,2017,OC3,0.3879485443466486
Sweden,2017,OC4,0.5564135564135564
Sweden,2017,OC5,0.5675990675990676
Sweden,2017,OC6,0.28546712802768165
Sweden,2017,OC7,0.06223175965665237
Sweden,2017,OC8,0.14102064666926376
Sweden,2017,OC9,0.3917878528656971
Sweden,2017,TOTAL,0.4096701042060364
Sweden,2018,OC0,0.0
Sweden,2018,OC1,0.37702607470049326
Sweden,2018,OC2,0.539141972578505
Sweden,2018,OC3,0.3963916851876062
Sweden,2018,OC4,0.5501730103806228
Sweden,2018,OC5,0.5879991972707205
Sweden,2018,OC6,0.25357142857142856
Sweden,2018,OC7,0.060699102503542754
Sweden,2018,OC8,0.14022718370544457
Sweden,2018,OC9,0.35879077167859985
Sweden,2018,TOTAL,0.412788088386705
Sweden,2019,OC0,0.0
Sweden,2019,OC1,0.37083192994274167
Sweden,2019,OC2,0.5490958255872908
Sweden,2019,OC3,0.39041457618167413
Sweden,2019,OC4,0.5611872146118722
Sweden,2019,OC5,0.5913628030148707
Sweden,2019,OC6,0.21258134490238612
Sweden,2019,OC7,0.06100672697749942
Sweden,2019,OC8,0.14117199391171995
Sweden,2019,OC9,0.39194422927962824
Sweden,2019,TOTAL,0.4161799979142768
Sweden,2020,OC0,0.0
Sweden,2020,OC1,0.42515592515592515
Sweden,2020,OC2,0.5357231149567367
Sweden,2020,OC3,0.39117015566290925
Sweden,2020,OC4,0.5509259259259259
Sweden,2020,OC5,0.5743567378979502
Sweden,2020,OC6,0.23689727463312368
Sweden,2020,OC7,0.07388916625062407
Sweden,2020,OC8,0.11129991503823279
Sweden,2020,OC9,0.40346534653465344
Sweden,2020,TOTAL,0.41837142933347554
